symbol, expiry, amount, price, orderType, leverage, strategyTag, orderID, isCancel
btc_pax, None, 0.8, 3785.81, 21, 1, smm_btc, 155166858500, False
btc_pax, None, 0.8, 3786.7, 23, 1, smm_btc, 155166858501, False
pax_usdt, None, 8000.0, 1.0052, 21, 1, smm, 155166858602, False
pax_usdt, None, 8000.0, 1.006, 23, 1, smm, 155166858603, False
btc_pax, None, 0.8, 3786.7, 23, 1, smm_btc, 155166858501, True
pax_usdt, None, 8000.0, 1.0052, 21, 1, smm, 155166858602, True
pax_usdt, None, 1000.0, 1.0057, 21, 1, smm1, 155166858906, False
pax_usdt, None, 1000.0, 1.006, 23, 1, smm1, 155166858907, False
pax_usdt, None, 8000.0, 1.0047, 21, 1, smm, 155166858908, False
btc_pax, None, 0.8, 3786.56, 23, 1, smm_btc, 155166858909, False
btc_pax, None, 0.2, 3785.82, 21, 1, smm1_btc, 155166858910, False
btc_pax, None, 0.2, 3786.53, 23, 1, smm1_btc, 155166859011, False
pax_usdt, None, 8000.0, 1.006, 23, 1, smm, 155166858603, True
pax_usdt, None, 8000.0, 1.0059, 23, 1, smm, 155166859113, False
pax_usdt, None, 8000.0, 1.0047, 21, 1, smm, 155166858908, True
pax_usdt, None, 1000.0, 1.006, 23, 1, smm1, 155166858907, True
pax_usdt, None, 8000.0, 1.0048, 21, 1, smm, 155166859916, False
btc_pax, None, 0.8, 3786.56, 23, 1, smm_btc, 155166858909, True
pax_usdt, None, 8000.0, 1.0048, 21, 1, smm, 155166859916, True
pax_usdt, None, 8000.0, 1.0053, 21, 1, smm, 155166860819, False
pax_usdt, None, 1000.0, 1.0052, 21, 1, smm1, 155166860920, False
pax_usdt, None, 1000.0, 1.0056, 23, 1, smm1, 155166860921, False
btc_pax, None, 0.8, 3783.75, 23, 1, smm_btc, 155166860922, False
btc_pax, None, 0.8, 3768.22, 21, 1, smm_btc, 155166860923, False
btc_pax, None, 0.2, 3786.53, 23, 1, smm1_btc, 155166859011, True
btc_pax, None, 0.8, 3783.75, 23, 1, smm_btc, 155166860922, True
pax_usdt, None, 8000.0, 1.0059, 23, 1, smm, 155166859113, True
btc_pax, None, 0.8, 3783.65, 23, 1, smm_btc, 155166861327, False
pax_usdt, None, 8000.0, 1.0056, 23, 1, smm, 155166861328, False
btc_pax, None, 0.8, 3783.65, 23, 1, smm_btc, 155166861327, True
pax_usdt, None, 8000.0, 1.0053, 21, 1, smm, 155166860819, True
pax_usdt, None, 8000.0, 1.0054, 21, 1, smm, 155166861731, False
pax_usdt, None, 1000.0, 1.0056, 23, 1, smm1, 155166860921, True
pax_usdt, None, 8000.0, 1.0056, 23, 1, smm, 155166861328, True
pax_usdt, None, 8000.0, 1.0054, 21, 1, smm, 155166861731, True
pax_usdt, None, 8000.0, 1.0061, 23, 1, smm, 155166862235, False
pax_usdt, None, 7878.66, 1.0052, 21, 1, smm, 155166862236, False
btc_pax, None, 0.8, 3787.42, 23, 1, smm_btc, 155166862437, False
btc_pax, None, 0.8, 3768.22, 21, 1, smm_btc, 155166860923, True
btc_pax, None, 0.8, 3787.42, 23, 1, smm_btc, 155166862437, True
btc_pax, None, 0.8, 3775.59, 21, 1, smm_btc, 155166862540, False
btc_pax, None, 0.8, 3787.39, 23, 1, smm_btc, 155166862641, False
btc_pax, None, 0.8, 3787.39, 23, 1, smm_btc, 155166862641, True
btc_pax, None, 0.2, 3786.7, 21, 1, smm1_btc, 155166863043, False
btc_pax, None, 0.8, 3787.36, 23, 1, smm_btc, 155166863144, False
pax_usdt, None, 1000.0, 1.0054, 23, 1, smm1, 155166863345, False
pax_usdt, None, 7878.66, 1.0052, 21, 1, smm, 155166862236, True
btc_pax, None, 0.8, 3775.59, 21, 1, smm_btc, 155166862540, True
pax_usdt, None, 7118.93, 1.0048, 21, 1, smm, 155166863448, False
pax_usdt, None, 8000.0, 1.0061, 23, 1, smm, 155166862235, True
btc_pax, None, 0.8, 3775.59, 21, 1, smm_btc, 155166863450, False
pax_usdt, None, 8000.0, 1.0054, 23, 1, smm, 155166863551, False
btc_pax, None, 0.8, 3775.59, 21, 1, smm_btc, 155166863450, True
btc_pax, None, 0.8, 3776.09, 21, 1, smm_btc, 155166863853, False
btc_pax, None, 0.2, 3786.7, 21, 1, smm1_btc, 155166863043, True
btc_pax, None, 0.094828, 3787.35, 23, 1, smm1_btc, 155166864055, False
pax_usdt, None, 7118.93, 1.0048, 21, 1, smm, 155166863448, True
btc_pax, None, 0.8, 3787.36, 23, 1, smm_btc, 155166863144, True
btc_pax, None, 0.8, 3776.09, 21, 1, smm_btc, 155166863853, True
pax_usdt, None, 7118.93, 1.0051, 21, 1, smm, 155166864259, False
btc_pax, None, 0.8, 3787.33, 23, 1, smm_btc, 155166864260, False
btc_pax, None, 0.8, 3775.59, 21, 1, smm_btc, 155166864261, False
pax_usdt, None, 1000.0, 1.0054, 23, 1, smm1, 155166863345, True
btc_pax, None, 0.8, 3787.33, 23, 1, smm_btc, 155166864260, True
btc_pax, None, 0.8, 3775.59, 21, 1, smm_btc, 155166864261, True
pax_usdt, None, 8000.0, 1.0054, 23, 1, smm, 155166863551, True
pax_usdt, None, 8000.0, 1.0061, 23, 1, smm, 155166864566, False
btc_pax, None, 0.8, 3787.3, 23, 1, smm_btc, 155166864567, False
btc_pax, None, 0.8, 3773.02, 21, 1, smm_btc, 155166864568, False
btc_pax, None, 0.8, 3787.3, 23, 1, smm_btc, 155166864567, True
pax_usdt, None, 7118.93, 1.0051, 21, 1, smm, 155166864259, True
pax_usdt, None, 1000.0, 1.0053, 23, 1, smm1, 155166865371, False
pax_usdt, None, 7118.93, 1.0052, 21, 1, smm, 155166865372, False
btc_pax, None, 0.8, 3785.02, 23, 1, smm_btc, 155166865373, False
pax_usdt, None, 8000.0, 1.0061, 23, 1, smm, 155166864566, True
btc_pax, None, 0.8, 3785.02, 23, 1, smm_btc, 155166865373, True
pax_usdt, None, 8000.0, 1.0053, 23, 1, smm, 155166865576, False
btc_pax, None, 0.8, 3785.02, 23, 1, smm_btc, 155166865577, False
btc_pax, None, 0.8, 3773.02, 21, 1, smm_btc, 155166864568, True
btc_pax, None, 0.8, 3785.02, 23, 1, smm_btc, 155166865577, True
btc_pax, None, 0.8, 3773.02, 21, 1, smm_btc, 155166865780, False
btc_pax, None, 0.8, 3785.01, 23, 1, smm_btc, 155166865881, False
btc_pax, None, 0.08511, 3783.5, 21, 1, smm1_btc, 155166866182, False
btc_pax, None, 0.094828, 3787.35, 23, 1, smm1_btc, 155166864055, True
pax_usdt, None, 7118.93, 1.0052, 21, 1, smm, 155166865372, True
btc_pax, None, 0.8, 3773.02, 21, 1, smm_btc, 155166865780, True
btc_pax, None, 0.8, 3785.41, 23, 1, smm_btc, 155166866386, False
pax_usdt, None, 7118.93, 1.0053, 21, 1, smm, 155166866387, False
pax_usdt, None, 8000.0, 1.0062, 23, 1, smm, 155166866388, False
btc_pax, None, 0.8, 3784.31, 21, 1, smm_btc, 155166866489, False
btc_pax, None, 0.8, 3784.31, 21, 1, smm_btc, 155166866489, True
btc_pax, None, 0.8, 3783.68, 21, 1, smm_btc, 155166866691, False
btc_pax, None, 0.8, 3785.41, 23, 1, smm_btc, 155166866386, True
btc_pax, None, 0.8, 3783.68, 21, 1, smm_btc, 155166866691, True
btc_pax, None, 0.08511, 3783.5, 21, 1, smm1_btc, 155166866182, True
btc_pax, None, 0.094828, 3785.34, 23, 1, smm1_btc, 155166867295, False
pax_usdt, None, 1000.0, 1.0052, 21, 1, smm1, 155166867496, False
pax_usdt, None, 1000.0, 1.0057, 23, 1, smm1, 155166867497, False
pax_usdt, None, 1000.0, 1.0052, 21, 1, smm1, 155166867496, True
pax_usdt, None, 1000.0, 1.0057, 23, 1, smm1, 155166867497, True
pax_usdt, None, 7118.93, 1.0053, 21, 1, smm, 155166866387, True
pax_usdt, None, 8000.0, 1.0062, 23, 1, smm, 155166866388, True
pax_usdt, None, 7118.93, 1.0048, 21, 1, smm, 155166868502, False
pax_usdt, None, 8000.0, 1.0059, 23, 1, smm, 155166868503, False
pax_usdt, None, 7118.93, 1.0048, 21, 1, smm, 155166868502, True
pax_usdt, None, 8000.0, 1.0059, 23, 1, smm, 155166868503, True
pax_usdt, None, 7118.93, 1.0053, 21, 1, smm, 155166868706, False
pax_usdt, None, 8000.0, 1.0062, 23, 1, smm, 155166868707, False
btc_pax, None, 0.8, 3787.15, 23, 1, smm_btc, 155166868908, False
btc_pax, None, 0.239673, 3773.02, 21, 1, smm_btc, 155166868909, False
btc_pax, None, 0.08511, 3786.15, 21, 1, smm1_btc, 155166869310, False
btc_pax, None, 0.239673, 3773.02, 21, 1, smm_btc, 155166868909, True
btc_pax, None, 0.239673, 3773.51, 21, 1, smm_btc, 155166869612, False
btc_pax, None, 0.239673, 3773.51, 21, 1, smm_btc, 155166869612, True
pax_usdt, None, 1000.0, 1.0051, 21, 1, smm1, 155166869814, False
pax_usdt, None, 1000.0, 1.0054, 23, 1, smm1, 155166869815, False
btc_pax, None, 0.239673, 3772.27, 21, 1, smm_btc, 155166869816, False
pax_usdt, None, 8000.0, 1.0062, 23, 1, smm, 155166868707, True
pax_usdt, None, 8000.0, 1.0055, 23, 1, smm, 155166870018, False
btc_pax, None, 0.239673, 3772.27, 21, 1, smm_btc, 155166869816, True
pax_usdt, None, 7118.93, 1.0053, 21, 1, smm, 155166868706, True
btc_pax, None, 0.239673, 3772.27, 21, 1, smm_btc, 155166870221, False
pax_usdt, None, 7118.93, 1.0051, 21, 1, smm, 155166870322, False
btc_pax, None, 0.2, 3787.14, 23, 1, smm1_btc, 155166870323, False
btc_pax, None, 0.8, 3787.15, 23, 1, smm_btc, 155166868908, True
btc_pax, None, 0.8, 3787.13, 23, 1, smm_btc, 155166870525, False
pax_usdt, None, 1000.0, 1.0051, 21, 1, smm1, 155166869814, True
btc_pax, None, 0.239673, 3772.27, 21, 1, smm_btc, 155166870221, True
pax_usdt, None, 7118.93, 1.0051, 21, 1, smm, 155166870322, True
btc_pax, None, 0.239673, 3772.08, 21, 1, smm_btc, 155166871029, False
pax_usdt, None, 7118.93, 1.0047, 21, 1, smm, 155166871030, False
btc_pax, None, 0.239673, 3772.08, 21, 1, smm_btc, 155166871029, True
btc_pax, None, 0.2, 3780.81, 21, 1, smm1_btc, 155166871432, False
btc_pax, None, 0.2, 3787.14, 23, 1, smm1_btc, 155166870323, True
btc_pax, None, 0.8, 3787.13, 23, 1, smm_btc, 155166870525, True
btc_pax, None, 0.239673, 3772.27, 21, 1, smm_btc, 155166871635, False
btc_pax, None, 0.8, 3787.15, 23, 1, smm_btc, 155166871736, False
pax_usdt, None, 1000.0, 1.0049, 21, 1, smm1, 155166871837, False
pax_usdt, None, 1000.0, 1.0054, 23, 1, smm1, 155166869815, True
pax_usdt, None, 7118.93, 1.0047, 21, 1, smm, 155166871030, True
pax_usdt, None, 8000.0, 1.0055, 23, 1, smm, 155166870018, True
btc_pax, None, 0.8, 3787.15, 23, 1, smm_btc, 155166871736, True
pax_usdt, None, 7118.93, 1.0049, 21, 1, smm, 155166872042, False
pax_usdt, None, 8000.0, 1.0062, 23, 1, smm, 155166872043, False
btc_pax, None, 0.8, 3786.99, 23, 1, smm_btc, 155166872044, False
btc_pax, None, 0.8, 3786.99, 23, 1, smm_btc, 155166872044, True
btc_pax, None, 0.8, 3787.15, 23, 1, smm_btc, 155166872446, False
btc_pax, None, 0.2, 3780.81, 21, 1, smm1_btc, 155166871432, True
btc_pax, None, 0.2, 3787.15, 23, 1, smm1_btc, 155166872448, False
btc_pax, None, 0.8, 3787.15, 23, 1, smm_btc, 155166872446, True
btc_pax, None, 0.8, 3787.14, 23, 1, smm_btc, 155166873050, False
pax_usdt, None, 1000.0, 1.0053, 23, 1, smm1, 155166873251, False
pax_usdt, None, 8000.0, 1.0062, 23, 1, smm, 155166872043, True
pax_usdt, None, 8000.0, 1.0054, 23, 1, smm, 155166873453, False
btc_pax, None, 0.2, 3785.21, 21, 1, smm1_btc, 155166873554, False
btc_pax, None, 0.2, 3787.15, 23, 1, smm1_btc, 155166872448, True
btc_pax, None, 0.8, 3787.14, 23, 1, smm_btc, 155166873050, True
btc_pax, None, 0.239673, 3772.27, 21, 1, smm_btc, 155166871635, True
btc_pax, None, 0.8, 3787.15, 23, 1, smm_btc, 155166873758, False
btc_pax, None, 0.239673, 3773.02, 21, 1, smm_btc, 155166873759, False
btc_pax, None, 0.239673, 3773.02, 21, 1, smm_btc, 155166873759, True
btc_pax, None, 0.239673, 3773.51, 21, 1, smm_btc, 155166874061, False
btc_pax, None, 0.8, 3787.15, 23, 1, smm_btc, 155166873758, True
btc_pax, None, 0.239673, 3773.51, 21, 1, smm_btc, 155166874061, True
btc_pax, None, 0.251134, 3787.18, 23, 1, smm_btc, 155166874664, False
btc_pax, None, 0.2, 3785.21, 21, 1, smm1_btc, 155166873554, True
btc_pax, None, 0.2, 3787.15, 23, 1, smm1_btc, 155166874666, False
btc_pax, None, 0.239673, 3786.23, 21, 1, smm_btc, 155166874767, False
btc_pax, None, 0.239673, 3786.23, 21, 1, smm_btc, 155166874767, False
btc_pax, None, 0.251134, 3787.18, 23, 1, smm_btc, 155166874664, True
btc_pax, None, 0.251134, 3785.47, 23, 1, smm_btc, 155166875970, False
btc_pax, None, 0.8, 3772.27, 21, 1, smm_btc, 155166875971, False
btc_pax, None, 0.251134, 3785.47, 23, 1, smm_btc, 155166875970, True
btc_pax, None, 0.8, 3772.27, 21, 1, smm_btc, 155166875971, True
btc_pax, None, 0.251134, 3785.47, 23, 1, smm_btc, 155166876174, False
btc_pax, None, 0.8, 3773.02, 21, 1, smm_btc, 155166876175, False
btc_pax, None, 0.251134, 3785.47, 23, 1, smm_btc, 155166876174, True
btc_pax, None, 0.8, 3773.02, 21, 1, smm_btc, 155166876175, True
btc_pax, None, 0.24685, 3785.47, 23, 1, smm_btc, 155166876678, False
btc_pax, None, 0.8, 3773.02, 21, 1, smm_btc, 155166876679, False
btc_pax, None, 0.2, 3784.0, 21, 1, smm1_btc, 155166876780, False
btc_pax, None, 0.2, 3787.15, 23, 1, smm1_btc, 155166874666, True
btc_pax, None, 0.24685, 3785.47, 23, 1, smm_btc, 155166876678, True
btc_pax, None, 0.24685, 3785.38, 23, 1, smm_btc, 155166877083, False
btc_pax, None, 0.8, 3773.02, 21, 1, smm_btc, 155166876679, True
btc_pax, None, 0.24685, 3785.38, 23, 1, smm_btc, 155166877083, True
btc_pax, None, 0.8, 3775.59, 21, 1, smm_btc, 155166877186, False
pax_usdt, None, 1000.0, 1.0049, 21, 1, smm1, 155166871837, True
pax_usdt, None, 7118.93, 1.0049, 21, 1, smm, 155166872042, True
pax_usdt, None, 7118.93, 1.005, 21, 1, smm, 155166877389, False
btc_pax, None, 0.24685, 3786.63, 23, 1, smm_btc, 155166877690, False
btc_pax, None, 0.24685, 3786.63, 23, 1, smm_btc, 155166877690, True
btc_pax, None, 0.2, 3784.0, 21, 1, smm1_btc, 155166876780, True
btc_pax, None, 0.2, 3786.59, 23, 1, smm1_btc, 155166877893, False
btc_pax, None, 0.24685, 3786.58, 23, 1, smm_btc, 155166877894, False
btc_pax, None, 0.8, 3775.59, 21, 1, smm_btc, 155166877186, True
btc_pax, None, 0.24685, 3786.58, 23, 1, smm_btc, 155166877894, True
btc_pax, None, 0.8, 3772.27, 21, 1, smm_btc, 155166877997, False
pax_usdt, None, 1000.0, 1.0049, 21, 1, smm1, 155166878298, False
btc_pax, None, 0.24685, 3786.57, 23, 1, smm_btc, 155166878399, False
btc_pax, None, 0.24685, 3786.57, 23, 1, smm_btc, 155166878399, True
btc_pax, None, 0.8, 3772.27, 21, 1, smm_btc, 155166877997, True
btc_pax, None, 0.24685, 3786.57, 23, 1, smm_btc, 155166878602, False
btc_pax, None, 0.8, 3773.02, 21, 1, smm_btc, 155166878703, False
pax_usdt, None, 8000.0, 1.0054, 23, 1, smm, 155166873453, True
btc_pax, None, 0.8, 3773.02, 21, 1, smm_btc, 155166878703, True
btc_pax, None, 0.2, 3785.74, 21, 1, smm1_btc, 155166878806, False
pax_usdt, None, 7118.93, 1.005, 21, 1, smm, 155166877389, True
pax_usdt, None, 8000.0, 1.0062, 23, 1, smm, 155166878808, False
btc_pax, None, 0.8, 3787.18, 23, 1, smm_btc, 155166878809, False
pax_usdt, None, 7118.93, 1.0051, 21, 1, smm, 155166878910, False
btc_pax, None, 0.8, 3785.73, 21, 1, smm_btc, 155166878911, False
pax_usdt, None, 1000.0, 1.0049, 21, 1, smm1, 155166878298, True
btc_pax, None, 0.8, 3785.73, 21, 1, smm_btc, 155166878911, True
pax_usdt, None, 7118.93, 1.0051, 21, 1, smm, 155166878910, True
btc_pax, None, 0.8, 3786.55, 21, 1, smm_btc, 155166879515, False
pax_usdt, None, 7118.93, 1.0052, 21, 1, smm, 155166879616, False
btc_pax, None, 0.2, 3785.74, 21, 1, smm1_btc, 155166878806, True
btc_pax, None, 0.2, 3787.15, 23, 1, smm1_btc, 155166879918, False
pax_usdt, None, 1000.0, 1.0053, 21, 1, smm1, 155166880319, False
pax_usdt, None, 1000.0, 1.0056, 23, 1, smm1, 155166880320, False
pax_usdt, None, 8000.0, 1.0062, 23, 1, smm, 155166878808, True
pax_usdt, None, 7118.93, 1.0052, 21, 1, smm, 155166879616, True
pax_usdt, None, 8000.0, 1.0057, 23, 1, smm, 155166880723, False
pax_usdt, None, 7118.93, 1.0053, 21, 1, smm, 155166880824, False
btc_pax, None, 0.2, 3786.56, 21, 1, smm1_btc, 155166881025, False
pax_usdt, None, 1000.0, 1.0053, 21, 1, smm1, 155166880319, True
pax_usdt, None, 7118.93, 1.0053, 21, 1, smm, 155166880824, True
pax_usdt, None, 7118.93, 1.005, 21, 1, smm, 155166881728, False
pax_usdt, None, 1000.0, 1.0054, 21, 1, smm1, 155166882929, False
pax_usdt, None, 7118.93, 1.005, 21, 1, smm, 155166881728, True
pax_usdt, None, 7118.93, 1.0054, 21, 1, smm, 155166883131, False
btc_pax, None, 0.2, 3787.15, 23, 1, smm1_btc, 155166879918, True
btc_pax, None, 0.8, 3786.55, 21, 1, smm_btc, 155166879515, True
btc_pax, None, 0.8, 3786.31, 21, 1, smm_btc, 155166885034, False
pax_usdt, None, 8000.0, 1.0057, 23, 1, smm, 155166880723, True
btc_pax, None, 0.2, 3787.15, 23, 1, smm1_btc, 155166885136, False
pax_usdt, None, 7118.93, 1.0054, 21, 1, smm, 155166883131, True
pax_usdt, None, 8000.0, 1.0062, 23, 1, smm, 155166885238, False
pax_usdt, None, 7118.93, 1.0055, 21, 1, smm, 155166885339, False
pax_usdt, None, 1000.0, 1.0054, 21, 1, smm1, 155166882929, True
btc_pax, None, 0.2, 3786.31, 21, 1, smm1_btc, 155166886241, False
btc_pax, None, 0.2, 3787.15, 23, 1, smm1_btc, 155166885136, True
pax_usdt, None, 1000.0, 1.0056, 21, 1, smm1, 155166887343, False
pax_usdt, None, 1000.0, 1.0059, 23, 1, smm1, 155166887444, False
pax_usdt, None, 7118.93, 1.0055, 21, 1, smm, 155166885339, True
pax_usdt, None, 8000.0, 1.0062, 23, 1, smm, 155166885238, True
btc_pax, None, 0.2, 3787.15, 23, 1, smm1_btc, 155166887547, False
pax_usdt, None, 7118.93, 1.0056, 21, 1, smm, 155166887548, False
pax_usdt, None, 8000.0, 1.006, 23, 1, smm, 155166887649, False
btc_pax, None, 0.8, 3786.31, 21, 1, smm_btc, 155166885034, True
btc_pax, None, 0.8, 3787.15, 21, 1, smm_btc, 155166888151, False
btc_pax, None, 0.8, 3787.18, 23, 1, smm_btc, 155166878809, True
btc_pax, None, 0.8, 3788.64, 23, 1, smm_btc, 155166888653, False
btc_pax, None, 0.8, 3787.15, 21, 1, smm_btc, 155166888151, True
btc_pax, None, 0.8, 3787.16, 21, 1, smm_btc, 155166889055, False
btc_pax, None, 0.2, 3786.31, 21, 1, smm1_btc, 155166886241, True
pax_usdt, None, 1000.0, 1.0059, 23, 1, smm1, 155166887444, True
pax_usdt, None, 7118.93, 1.0056, 21, 1, smm, 155166887548, True
pax_usdt, None, 8000.0, 1.006, 23, 1, smm, 155166887649, True
pax_usdt, None, 6549.75, 1.0049, 21, 1, smm, 155166890660, False
pax_usdt, None, 8000.0, 1.0062, 23, 1, smm, 155166890661, False
btc_pax, None, 0.2, 3787.19, 21, 1, smm1_btc, 155166890762, False
btc_pax, None, 0.2, 3788.61, 23, 1, smm1_btc, 155166890763, False
pax_usdt, None, 6549.75, 1.0049, 21, 1, smm, 155166890660, True
pax_usdt, None, 6549.75, 1.005, 21, 1, smm, 155166890865, False
pax_usdt, None, 6549.75, 1.005, 21, 1, smm, 155166890865, True
pax_usdt, None, 6549.75, 1.0049, 21, 1, smm, 155166891067, False
btc_pax, None, 0.8, 3787.16, 21, 1, smm_btc, 155166889055, True
btc_pax, None, 0.8, 3788.64, 23, 1, smm_btc, 155166888653, True
btc_pax, None, 0.8, 3787.93, 21, 1, smm_btc, 155166891270, False
btc_pax, None, 0.8, 3788.64, 23, 1, smm_btc, 155166891371, False
pax_usdt, None, 1000.0, 1.0058, 23, 1, smm1, 155166891472, False
pax_usdt, None, 6549.75, 1.0049, 21, 1, smm, 155166891067, True
pax_usdt, None, 6549.75, 1.0051, 21, 1, smm, 155166891674, False
pax_usdt, None, 8000.0, 1.0062, 23, 1, smm, 155166890661, True
pax_usdt, None, 8000.0, 1.0063, 23, 1, smm, 155166891776, False
btc_pax, None, 0.2, 3787.19, 21, 1, smm1_btc, 155166890762, True
pax_usdt, None, 6549.75, 1.0051, 21, 1, smm, 155166891674, True
pax_usdt, None, 8000.0, 1.0063, 23, 1, smm, 155166891776, True
pax_usdt, None, 6549.75, 1.0049, 21, 1, smm, 155166891980, False
pax_usdt, None, 8000.0, 1.0059, 23, 1, smm, 155166891981, False
pax_usdt, None, 6549.75, 1.0049, 21, 1, smm, 155166891980, True
pax_usdt, None, 6549.75, 1.005, 21, 1, smm, 155166892283, False
pax_usdt, None, 6549.75, 1.005, 21, 1, smm, 155166892283, True
btc_pax, None, 0.8, 3788.64, 23, 1, smm_btc, 155166891371, True
btc_pax, None, 0.8, 3787.93, 21, 1, smm_btc, 155166891270, True
pax_usdt, None, 1000.0, 1.0057, 21, 1, smm1, 155166892487, False
pax_usdt, None, 6549.75, 1.0049, 21, 1, smm, 155166892488, False
pax_usdt, None, 8000.0, 1.0059, 23, 1, smm, 155166891981, True
btc_pax, None, 0.8, 3788.6, 23, 1, smm_btc, 155166892590, False
btc_pax, None, 0.8, 3788.6, 23, 1, smm_btc, 155166892590, True
btc_pax, None, 0.8, 3774.49, 21, 1, smm_btc, 155166892692, False
btc_pax, None, 0.8, 3788.59, 23, 1, smm_btc, 155166892793, False
btc_pax, None, 0.8, 3788.59, 23, 1, smm_btc, 155166892793, True
btc_pax, None, 0.2, 3787.21, 21, 1, smm1_btc, 155166892895, False
btc_pax, None, 0.2, 3788.61, 23, 1, smm1_btc, 155166890763, True
pax_usdt, None, 6549.75, 1.0049, 21, 1, smm, 155166892488, True
pax_usdt, None, 8000.0, 1.0065, 23, 1, smm, 155166892898, False
pax_usdt, None, 6549.75, 1.0052, 21, 1, smm, 155166892999, False
pax_usdt, None, 6549.75, 1.0052, 21, 1, smm, 155166892999, True
pax_usdt, None, 8000.0, 1.0065, 23, 1, smm, 155166892898, True
pax_usdt, None, 6549.75, 1.0057, 21, 1, smm, 155166893102, False
pax_usdt, None, 8000.0, 1.0062, 23, 1, smm, 155166893103, False
btc_pax, None, 0.8, 3788.57, 23, 1, smm_btc, 155166893204, False
btc_pax, None, 0.8, 3774.49, 21, 1, smm_btc, 155166892692, True
btc_pax, None, 0.8, 3788.57, 23, 1, smm_btc, 155166893204, True
btc_pax, None, 0.8, 3776.71, 21, 1, smm_btc, 155166893307, False
btc_pax, None, 0.8, 3788.51, 23, 1, smm_btc, 155166893508, False
btc_pax, None, 0.8, 3776.71, 21, 1, smm_btc, 155166893307, True
pax_usdt, None, 1000.0, 1.0062, 23, 1, smm1, 155166893710, False
pax_usdt, None, 6549.75, 1.0057, 21, 1, smm, 155166893102, True
pax_usdt, None, 5594.88, 1.005, 21, 1, smm, 155166893912, False
pax_usdt, None, 5594.88, 1.005, 21, 1, smm, 155166893912, True
pax_usdt, None, 5594.88, 1.0049, 21, 1, smm, 155166894114, False
btc_pax, None, 0.8, 3789.18, 21, 1, smm_btc, 155166894115, False
btc_pax, None, 0.8, 3790.59, 23, 1, smm_btc, 155166894116, False
pax_usdt, None, 1000.0, 1.0062, 23, 1, smm1, 155166893710, True
pax_usdt, None, 5594.88, 1.0049, 21, 1, smm, 155166894114, True
btc_pax, None, 0.8, 3789.18, 21, 1, smm_btc, 155166894115, True
btc_pax, None, 0.2, 3787.21, 21, 1, smm1_btc, 155166892895, True
btc_pax, None, 0.2, 3790.26, 23, 1, smm1_btc, 155166894921, False
pax_usdt, None, 5594.88, 1.005, 21, 1, smm, 155166895022, False
btc_pax, None, 0.8, 3788.54, 21, 1, smm_btc, 155166895023, False
pax_usdt, None, 5594.88, 1.005, 21, 1, smm, 155166895022, True
pax_usdt, None, 1000.0, 1.0054, 21, 1, smm1, 155166895825, False
pax_usdt, None, 1000.0, 1.0058, 23, 1, smm1, 155166895826, False
pax_usdt, None, 5594.88, 1.0051, 21, 1, smm, 155166895827, False
pax_usdt, None, 5594.88, 1.0051, 21, 1, smm, 155166895827, True
pax_usdt, None, 8000.0, 1.0062, 23, 1, smm, 155166893103, True
btc_pax, None, 0.2, 3790.26, 23, 1, smm1_btc, 155166894921, True
pax_usdt, None, 5594.88, 1.0054, 21, 1, smm, 155166896131, False
pax_usdt, None, 8000.0, 1.0059, 23, 1, smm, 155166896132, False
btc_pax, None, 0.8, 3788.54, 21, 1, smm_btc, 155166895023, True
btc_pax, None, 0.8, 3790.59, 23, 1, smm_btc, 155166894116, True
btc_pax, None, 0.8, 3773.85, 21, 1, smm_btc, 155166896235, False
btc_pax, None, 0.8, 3807.15, 23, 1, smm_btc, 155166896236, False
btc_pax, None, 0.8, 3773.85, 21, 1, smm_btc, 155166896235, True
btc_pax, None, 0.8, 3807.15, 23, 1, smm_btc, 155166896236, True
btc_pax, None, 0.8, 3788.54, 21, 1, smm_btc, 155166896539, False
btc_pax, None, 0.8, 3790.59, 23, 1, smm_btc, 155166896540, False
pax_usdt, None, 1000.0, 1.0054, 21, 1, smm1, 155166895825, True
pax_usdt, None, 5594.88, 1.0054, 21, 1, smm, 155166896131, True
btc_pax, None, 0.2, 3790.11, 23, 1, smm1_btc, 155166897243, False
pax_usdt, None, 5594.88, 1.005, 21, 1, smm, 155166897244, False
pax_usdt, None, 1000.0, 1.0056, 21, 1, smm1, 155166898145, False
pax_usdt, None, 5594.88, 1.005, 21, 1, smm, 155166897244, True
pax_usdt, None, 8000.0, 1.0059, 23, 1, smm, 155166896132, True
btc_pax, None, 0.8, 3788.54, 21, 1, smm_btc, 155166896539, True
btc_pax, None, 0.2, 3788.54, 21, 1, smm1_btc, 155166898249, False
btc_pax, None, 0.2, 3790.11, 23, 1, smm1_btc, 155166897243, True
pax_usdt, None, 8000.0, 1.0062, 23, 1, smm, 155166898251, False
pax_usdt, None, 5594.88, 1.0056, 21, 1, smm, 155166898352, False
btc_pax, None, 0.8, 3788.52, 21, 1, smm_btc, 155166898453, False
pax_usdt, None, 1000.0, 1.0056, 21, 1, smm1, 155166898145, True
pax_usdt, None, 1000.0, 1.0061, 23, 1, smm1, 155166899155, False
pax_usdt, None, 5594.88, 1.0056, 21, 1, smm, 155166898352, True
pax_usdt, None, 5594.88, 1.0051, 21, 1, smm, 155166899357, False
btc_pax, None, 0.2, 3788.54, 21, 1, smm1_btc, 155166898249, True
btc_pax, None, 0.2, 3790.05, 23, 1, smm1_btc, 155166899559, False
pax_usdt, None, 5594.88, 1.0051, 21, 1, smm, 155166899357, True
pax_usdt, None, 5594.88, 1.0052, 21, 1, smm, 155166899661, False
pax_usdt, None, 5594.88, 1.0052, 21, 1, smm, 155166899661, True
pax_usdt, None, 5594.88, 1.005, 21, 1, smm, 155166899963, False
btc_pax, None, 0.8, 3790.59, 23, 1, smm_btc, 155166896540, True
btc_pax, None, 0.8, 3790.03, 23, 1, smm_btc, 155166900165, False
btc_pax, None, 0.8, 3773.51, 21, 1, smm_btc, 155166900166, False
pax_usdt, None, 878.86, 1.0056, 21, 1, smm1, 155166900167, False
pax_usdt, None, 1000.0, 1.0061, 23, 1, smm1, 155166899155, True
btc_pax, None, 0.8, 3790.03, 23, 1, smm_btc, 155166900165, True
btc_pax, None, 0.8, 3789.99, 23, 1, smm_btc, 155166900470, False
pax_usdt, None, 5594.88, 1.005, 21, 1, smm, 155166899963, True
btc_pax, None, 0.8, 3789.99, 23, 1, smm_btc, 155166900470, True
btc_pax, None, 0.2, 3787.72, 21, 1, smm1_btc, 155166900573, False
btc_pax, None, 0.2, 3790.05, 23, 1, smm1_btc, 155166899559, True
pax_usdt, None, 5594.88, 1.0056, 21, 1, smm, 155166900575, False
btc_pax, None, 0.8, 3789.95, 23, 1, smm_btc, 155166900676, False
btc_pax, None, 0.8, 3789.95, 23, 1, smm_btc, 155166900676, True
btc_pax, None, 0.8, 3789.84, 23, 1, smm_btc, 155166900978, False
btc_pax, None, 0.8, 3789.84, 23, 1, smm_btc, 155166900978, True
btc_pax, None, 0.8, 3773.51, 21, 1, smm_btc, 155166900166, True
btc_pax, None, 0.8, 3789.75, 23, 1, smm_btc, 155166901281, False
btc_pax, None, 0.8, 3773.51, 21, 1, smm_btc, 155166901282, False
pax_usdt, None, 1000.0, 1.006, 23, 1, smm1, 155166901383, False
btc_pax, None, 0.8, 3789.75, 23, 1, smm_btc, 155166901281, True
pax_usdt, None, 8000.0, 1.0062, 23, 1, smm, 155166898251, True
btc_pax, None, 0.2, 3789.68, 23, 1, smm1_btc, 155166901586, False
pax_usdt, None, 8000.0, 1.0061, 23, 1, smm, 155166901587, False
btc_pax, None, 0.8, 3789.67, 23, 1, smm_btc, 155166901688, False
btc_pax, None, 0.8, 3789.67, 23, 1, smm_btc, 155166901688, True
btc_pax, None, 0.8, 3789.66, 23, 1, smm_btc, 155166901990, False
btc_pax, None, 0.8, 3789.66, 23, 1, smm_btc, 155166901990, True
btc_pax, None, 0.8, 3789.66, 23, 1, smm_btc, 155166902192, False
btc_pax, None, 0.8, 3789.66, 23, 1, smm_btc, 155166902192, True
pax_usdt, None, 1000.0, 1.006, 23, 1, smm1, 155166901383, True
btc_pax, None, 0.8, 3789.59, 23, 1, smm_btc, 155166902595, False
btc_pax, None, 0.2, 3789.68, 23, 1, smm1_btc, 155166901586, True
pax_usdt, None, 8000.0, 1.0061, 23, 1, smm, 155166901587, True
btc_pax, None, 0.8, 3789.59, 23, 1, smm_btc, 155166902595, True
btc_pax, None, 0.8, 3773.51, 21, 1, smm_btc, 155166901282, True
pax_usdt, None, 8000.0, 1.0062, 23, 1, smm, 155166902700, False
btc_pax, None, 0.8, 3789.55, 23, 1, smm_btc, 155166902701, False
btc_pax, None, 0.8, 3773.03, 21, 1, smm_btc, 155166902702, False
btc_pax, None, 0.8, 3789.55, 23, 1, smm_btc, 155166902701, True
btc_pax, None, 0.8, 3773.03, 21, 1, smm_btc, 155166902702, True
btc_pax, None, 0.8, 3789.47, 23, 1, smm_btc, 155166903005, False
btc_pax, None, 0.8, 3773.51, 21, 1, smm_btc, 155166903006, False
btc_pax, None, 0.8, 3789.47, 23, 1, smm_btc, 155166903005, True
btc_pax, None, 0.8, 3789.36, 23, 1, smm_btc, 155166903308, False
btc_pax, None, 0.8, 3773.51, 21, 1, smm_btc, 155166903006, True
btc_pax, None, 0.8, 3789.36, 23, 1, smm_btc, 155166903308, True
btc_pax, None, 0.8, 3773.02, 21, 1, smm_btc, 155166903411, False
btc_pax, None, 0.8, 3789.32, 23, 1, smm_btc, 155166903512, False
btc_pax, None, 0.2, 3789.32, 23, 1, smm1_btc, 155166903513, False
btc_pax, None, 0.8, 3789.32, 23, 1, smm_btc, 155166903512, True
pax_usdt, None, 1000.0, 1.006, 23, 1, smm1, 155166903715, False
btc_pax, None, 0.8, 3789.28, 23, 1, smm_btc, 155166903716, False
pax_usdt, None, 8000.0, 1.0062, 23, 1, smm, 155166902700, True
btc_pax, None, 0.8, 3789.28, 23, 1, smm_btc, 155166903716, True
pax_usdt, None, 8000.0, 1.0061, 23, 1, smm, 155166903919, False
btc_pax, None, 0.8, 3789.25, 23, 1, smm_btc, 155166903920, False
pax_usdt, None, 5594.88, 1.0056, 21, 1, smm, 155166900575, True
btc_pax, None, 0.8, 3789.25, 23, 1, smm_btc, 155166903920, True
pax_usdt, None, 5594.88, 1.0057, 21, 1, smm, 155166904123, False
btc_pax, None, 0.8, 3789.2, 23, 1, smm_btc, 155166904124, False
btc_pax, None, 0.8, 3789.2, 23, 1, smm_btc, 155166904124, True
btc_pax, None, 0.8, 3789.18, 23, 1, smm_btc, 155166904426, False
btc_pax, None, 0.8, 3789.18, 23, 1, smm_btc, 155166904426, True
btc_pax, None, 0.2, 3789.32, 23, 1, smm1_btc, 155166903513, True
btc_pax, None, 0.8, 3789.16, 23, 1, smm_btc, 155166904629, False
pax_usdt, None, 878.86, 1.0056, 21, 1, smm1, 155166900167, True
btc_pax, None, 0.8, 3789.16, 23, 1, smm_btc, 155166904629, True
btc_pax, None, 0.8, 3773.02, 21, 1, smm_btc, 155166903411, True
btc_pax, None, 0.8, 3789.21, 23, 1, smm_btc, 155166905433, False
btc_pax, None, 0.8, 3773.51, 21, 1, smm_btc, 155166905434, False
btc_pax, None, 0.8, 3773.51, 21, 1, smm_btc, 155166905434, True
btc_pax, None, 0.2, 3789.21, 23, 1, smm1_btc, 155166905636, False
pax_usdt, None, 878.86, 1.0057, 21, 1, smm1, 155166905737, False
pax_usdt, None, 1000.0, 1.006, 23, 1, smm1, 155166903715, True
pax_usdt, None, 8000.0, 1.0061, 23, 1, smm, 155166903919, True
btc_pax, None, 0.8, 3789.21, 23, 1, smm_btc, 155166905433, True
btc_pax, None, 0.8, 3773.03, 21, 1, smm_btc, 155166905941, False
pax_usdt, None, 8000.0, 1.0062, 23, 1, smm, 155166905942, False
btc_pax, None, 0.009255, 3789.2, 23, 1, smm_btc, 155166906043, False
btc_pax, None, 0.8, 3773.03, 21, 1, smm_btc, 155166905941, True
btc_pax, None, 0.8, 3773.02, 21, 1, smm_btc, 155166906145, False
btc_pax, None, 0.8, 3773.02, 21, 1, smm_btc, 155166906145, True
btc_pax, None, 0.8, 3790.34, 23, 1, smm_btc, 155166906647, False
btc_pax, None, 0.8, 3777.8, 21, 1, smm_btc, 155166906648, False
btc_pax, None, 0.2, 3787.72, 21, 1, smm1_btc, 155166900573, True
btc_pax, None, 0.8, 3790.34, 23, 1, smm_btc, 155166906647, True
btc_pax, None, 0.8, 3790.19, 23, 1, smm_btc, 155166906951, False
pax_usdt, None, 1000.0, 1.0061, 23, 1, smm1, 155166906952, False
btc_pax, None, 0.8, 3790.19, 23, 1, smm_btc, 155166906951, True
btc_pax, None, 0.8, 3790.1, 23, 1, smm_btc, 155166907154, False
btc_pax, None, 0.8, 3777.8, 21, 1, smm_btc, 155166906648, True
btc_pax, None, 0.8, 3790.1, 23, 1, smm_btc, 155166907154, True
btc_pax, None, 0.8, 3778.04, 21, 1, smm_btc, 155166907257, False
btc_pax, None, 0.8, 3790.08, 23, 1, smm_btc, 155166907358, False
btc_pax, None, 0.8, 3790.08, 23, 1, smm_btc, 155166907358, True
btc_pax, None, 0.8, 3790.04, 23, 1, smm_btc, 155166907760, False
btc_pax, None, 0.8, 3778.04, 21, 1, smm_btc, 155166907257, True
btc_pax, None, 0.2, 3789.21, 21, 1, smm1_btc, 155166907762, False
btc_pax, None, 0.2, 3790.04, 23, 1, smm1_btc, 155166907763, False
btc_pax, None, 0.8, 3790.04, 23, 1, smm_btc, 155166907760, True
btc_pax, None, 0.8, 3777.08, 21, 1, smm_btc, 155166907965, False
btc_pax, None, 0.8, 3790.02, 23, 1, smm_btc, 155166908066, False
btc_pax, None, 0.8, 3790.02, 23, 1, smm_btc, 155166908066, True
btc_pax, None, 0.8, 3789.95, 23, 1, smm_btc, 155166908368, False
btc_pax, None, 0.8, 3789.95, 23, 1, smm_btc, 155166908368, True
btc_pax, None, 0.8, 3777.08, 21, 1, smm_btc, 155166907965, True
btc_pax, None, 0.8, 3789.87, 23, 1, smm_btc, 155166908571, False
btc_pax, None, 0.8, 3775.97, 21, 1, smm_btc, 155166908572, False
btc_pax, None, 0.8, 3789.87, 23, 1, smm_btc, 155166908571, True
btc_pax, None, 0.8, 3789.82, 23, 1, smm_btc, 155166908974, False
btc_pax, None, 0.2, 3790.04, 23, 1, smm1_btc, 155166907763, True
btc_pax, None, 0.8, 3789.82, 23, 1, smm_btc, 155166908974, True
btc_pax, None, 0.8, 3789.75, 23, 1, smm_btc, 155166909277, False
btc_pax, None, 0.8, 3789.75, 23, 1, smm_btc, 155166909277, True
btc_pax, None, 0.8, 3789.71, 23, 1, smm_btc, 155166909479, False
btc_pax, None, 0.8, 3789.71, 23, 1, smm_btc, 155166909479, True
btc_pax, None, 0.8, 3789.62, 23, 1, smm_btc, 155166909781, False
btc_pax, None, 0.8, 3789.62, 23, 1, smm_btc, 155166909781, True
btc_pax, None, 0.8, 3789.59, 23, 1, smm_btc, 155166909983, False
btc_pax, None, 0.2, 3789.59, 23, 1, smm1_btc, 155166909984, False
btc_pax, None, 0.8, 3789.59, 23, 1, smm_btc, 155166909983, True
btc_pax, None, 0.8, 3789.57, 23, 1, smm_btc, 155166910586, False
btc_pax, None, 0.2, 3789.59, 23, 1, smm1_btc, 155166909984, True
btc_pax, None, 0.8, 3789.57, 23, 1, smm_btc, 155166910586, True
btc_pax, None, 0.8, 3789.55, 23, 1, smm_btc, 155166912489, False
btc_pax, None, 0.8, 3775.97, 21, 1, smm_btc, 155166908572, True
btc_pax, None, 0.8, 3787.72, 21, 1, smm_btc, 155166912691, False
btc_pax, None, 0.8, 3789.55, 23, 1, smm_btc, 155166912489, True
btc_pax, None, 0.2, 3789.51, 23, 1, smm1_btc, 155166912793, False
btc_pax, None, 0.8, 3787.72, 21, 1, smm_btc, 155166912691, True
btc_pax, None, 0.213747, 3801.17, 23, 1, smm_btc, 155166912895, False
btc_pax, None, 0.8, 3789.22, 21, 1, smm_btc, 155166912996, False
btc_pax, None, 0.2, 3789.21, 21, 1, smm1_btc, 155166907762, True
btc_pax, None, 0.2, 3789.51, 23, 1, smm1_btc, 155166912793, True
btc_pax, None, 0.213747, 3801.17, 23, 1, smm_btc, 155166912895, True
btc_pax, None, 0.213747, 3801.93, 23, 1, smm_btc, 155166914500, False
btc_pax, None, 0.8, 3789.22, 21, 1, smm_btc, 155166912996, True
btc_pax, None, 0.213747, 3801.93, 23, 1, smm_btc, 155166914500, True
btc_pax, None, 0.8, 3787.99, 21, 1, smm_btc, 155166914703, False
btc_pax, None, 0.213747, 3804.12, 23, 1, smm_btc, 155166914704, False
btc_pax, None, 0.8, 3787.99, 21, 1, smm_btc, 155166914703, True
btc_pax, None, 0.8, 3788.1, 21, 1, smm_btc, 155166914906, False
btc_pax, None, 0.8, 3788.1, 21, 1, smm_btc, 155166914906, True
btc_pax, None, 0.8, 3788.19, 21, 1, smm_btc, 155166915108, False
btc_pax, None, 0.213747, 3804.12, 23, 1, smm_btc, 155166914704, True
btc_pax, None, 0.8, 3788.19, 21, 1, smm_btc, 155166915108, True
btc_pax, None, 0.213747, 3807.15, 23, 1, smm_btc, 155166915211, False
btc_pax, None, 0.055573, 3788.19, 21, 1, smm1_btc, 155166915312, False
btc_pax, None, 0.2, 3790.1, 23, 1, smm1_btc, 155166915313, False
btc_pax, None, 0.8, 3788.4, 21, 1, smm_btc, 155166915414, False
btc_pax, None, 0.213747, 3807.15, 23, 1, smm_btc, 155166915211, True
btc_pax, None, 0.8, 3788.4, 21, 1, smm_btc, 155166915414, True
btc_pax, None, 0.213747, 3804.12, 23, 1, smm_btc, 155166915517, False
btc_pax, None, 0.8, 3788.51, 21, 1, smm_btc, 155166915618, False
btc_pax, None, 0.213747, 3804.12, 23, 1, smm_btc, 155166915517, True
btc_pax, None, 0.8, 3788.51, 21, 1, smm_btc, 155166915618, True
btc_pax, None, 0.213747, 3807.15, 23, 1, smm_btc, 155166915721, False
btc_pax, None, 0.8, 3788.63, 21, 1, smm_btc, 155166915822, False
btc_pax, None, 0.213747, 3807.15, 23, 1, smm_btc, 155166915721, True
btc_pax, None, 0.8, 3788.63, 21, 1, smm_btc, 155166915822, True
btc_pax, None, 0.213747, 3804.12, 23, 1, smm_btc, 155166915925, False
btc_pax, None, 0.8, 3788.67, 21, 1, smm_btc, 155166916326, False
btc_pax, None, 0.213747, 3804.12, 23, 1, smm_btc, 155166915925, True
btc_pax, None, 0.055573, 3788.19, 21, 1, smm1_btc, 155166915312, True
btc_pax, None, 0.2, 3790.1, 23, 1, smm1_btc, 155166915313, True
btc_pax, None, 0.8, 3788.67, 21, 1, smm_btc, 155166916326, True
btc_pax, None, 0.213747, 3807.16, 23, 1, smm_btc, 155166916431, False
btc_pax, None, 0.8, 3788.7, 21, 1, smm_btc, 155166916532, False
btc_pax, None, 0.8, 3788.7, 21, 1, smm_btc, 155166916532, True
btc_pax, None, 0.213747, 3807.16, 23, 1, smm_btc, 155166916431, True
btc_pax, None, 0.8, 3788.75, 21, 1, smm_btc, 155166916735, False
btc_pax, None, 0.213747, 3807.16, 23, 1, smm_btc, 155166916736, False
btc_pax, None, 0.8, 3788.75, 21, 1, smm_btc, 155166916735, True
btc_pax, None, 0.8, 3788.82, 21, 1, smm_btc, 155166916938, False
btc_pax, None, 0.8, 3788.82, 21, 1, smm_btc, 155166916938, True
btc_pax, None, 0.213747, 3807.16, 23, 1, smm_btc, 155166916736, True
btc_pax, None, 0.8, 3788.87, 21, 1, smm_btc, 155166917341, False
btc_pax, None, 0.213747, 3807.16, 23, 1, smm_btc, 155166917342, False
btc_pax, None, 0.055573, 3788.14, 21, 1, smm1_btc, 155166917343, False
btc_pax, None, 0.2, 3790.08, 23, 1, smm1_btc, 155166917344, False
btc_pax, None, 0.8, 3788.87, 21, 1, smm_btc, 155166917341, True
btc_pax, None, 0.213747, 3807.16, 23, 1, smm_btc, 155166917342, True
btc_pax, None, 0.8, 3788.89, 21, 1, smm_btc, 155166917547, False
btc_pax, None, 0.213747, 3807.15, 23, 1, smm_btc, 155166917548, False
btc_pax, None, 0.8, 3788.89, 21, 1, smm_btc, 155166917547, True
btc_pax, None, 0.8, 3788.91, 21, 1, smm_btc, 155166917750, False
btc_pax, None, 0.213747, 3807.15, 23, 1, smm_btc, 155166917548, True
btc_pax, None, 0.8, 3788.91, 21, 1, smm_btc, 155166917750, True
btc_pax, None, 0.213747, 3807.16, 23, 1, smm_btc, 155166917853, False
btc_pax, None, 0.8, 3788.94, 21, 1, smm_btc, 155166917954, False
btc_pax, None, 0.8, 3788.94, 21, 1, smm_btc, 155166917954, True
btc_pax, None, 0.213747, 3807.16, 23, 1, smm_btc, 155166917853, True
btc_pax, None, 0.8, 3789.0, 21, 1, smm_btc, 155166918157, False
btc_pax, None, 0.213747, 3807.16, 23, 1, smm_btc, 155166918158, False
btc_pax, None, 0.8, 3789.0, 21, 1, smm_btc, 155166918157, True
btc_pax, None, 0.213747, 3807.16, 23, 1, smm_btc, 155166918158, True
btc_pax, None, 0.055573, 3788.14, 21, 1, smm1_btc, 155166917343, True
btc_pax, None, 0.8, 3789.11, 21, 1, smm_btc, 155166918462, False
btc_pax, None, 0.213747, 3807.15, 23, 1, smm_btc, 155166918463, False
btc_pax, None, 0.8, 3789.11, 21, 1, smm_btc, 155166918462, True
btc_pax, None, 0.8, 3789.14, 21, 1, smm_btc, 155166918765, False
btc_pax, None, 0.213747, 3807.15, 23, 1, smm_btc, 155166918463, True
btc_pax, None, 0.8, 3789.14, 21, 1, smm_btc, 155166918765, True
btc_pax, None, 0.213747, 3807.64, 23, 1, smm_btc, 155166918868, False
btc_pax, None, 0.8, 3789.17, 21, 1, smm_btc, 155166918969, False
btc_pax, None, 0.8, 3789.17, 21, 1, smm_btc, 155166918969, True
btc_pax, None, 0.213747, 3807.64, 23, 1, smm_btc, 155166918868, True
btc_pax, None, 0.8, 3788.51, 21, 1, smm_btc, 155166919372, False
btc_pax, None, 0.213747, 3807.15, 23, 1, smm_btc, 155166919373, False
btc_pax, None, 0.055573, 3787.72, 21, 1, smm1_btc, 155166919374, False
btc_pax, None, 0.2, 3790.08, 23, 1, smm1_btc, 155166917344, True
btc_pax, None, 0.8, 3788.51, 21, 1, smm_btc, 155166919372, True
btc_pax, None, 0.213747, 3807.15, 23, 1, smm_btc, 155166919373, True
btc_pax, None, 0.8, 3788.58, 21, 1, smm_btc, 155166919578, False
btc_pax, None, 0.213747, 3809.51, 23, 1, smm_btc, 155166919579, False
btc_pax, None, 0.8, 3788.58, 21, 1, smm_btc, 155166919578, True
btc_pax, None, 0.8, 3788.61, 21, 1, smm_btc, 155166919881, False
btc_pax, None, 0.213747, 3809.51, 23, 1, smm_btc, 155166919579, True
btc_pax, None, 0.8, 3788.61, 21, 1, smm_btc, 155166919881, True
btc_pax, None, 0.213747, 3807.64, 23, 1, smm_btc, 155166920084, False
btc_pax, None, 0.8, 3788.65, 21, 1, smm_btc, 155166920185, False
btc_pax, None, 0.8, 3788.65, 21, 1, smm_btc, 155166920185, True
btc_pax, None, 0.8, 3788.68, 21, 1, smm_btc, 155166920487, False
btc_pax, None, 0.213747, 3807.64, 23, 1, smm_btc, 155166920084, True
btc_pax, None, 0.2, 3790.06, 23, 1, smm1_btc, 155166920489, False
btc_pax, None, 0.8, 3788.68, 21, 1, smm_btc, 155166920487, True
btc_pax, None, 0.213747, 3807.16, 23, 1, smm_btc, 155166920591, False
btc_pax, None, 0.8, 3788.55, 21, 1, smm_btc, 155166920792, False
btc_pax, None, 0.213747, 3807.16, 23, 1, smm_btc, 155166920591, True
btc_pax, None, 0.8, 3788.55, 21, 1, smm_btc, 155166920792, True
btc_pax, None, 0.213747, 3804.12, 23, 1, smm_btc, 155166920995, False
btc_pax, None, 0.8, 3788.55, 21, 1, smm_btc, 155166921196, False
btc_pax, None, 0.213747, 3804.12, 23, 1, smm_btc, 155166920995, True
btc_pax, None, 0.8, 3788.55, 21, 1, smm_btc, 155166921196, True
btc_pax, None, 0.213747, 3804.12, 23, 1, smm_btc, 155166921299, False
btc_pax, None, 0.8, 3788.55, 21, 1, smm_btc, 155166921300, False
btc_pax, None, 0.8, 3788.55, 21, 1, smm_btc, 155166921300, True
btc_pax, None, 0.8, 3788.55, 21, 1, smm_btc, 155166921502, False
btc_pax, None, 0.2, 3790.06, 23, 1, smm1_btc, 155166920489, True
btc_pax, None, 0.8, 3788.55, 21, 1, smm_btc, 155166921502, True
btc_pax, None, 0.213747, 3804.12, 23, 1, smm_btc, 155166921299, True
btc_pax, None, 0.8, 3788.55, 21, 1, smm_btc, 155166921906, False
btc_pax, None, 0.213747, 3807.16, 23, 1, smm_btc, 155166921907, False
btc_pax, None, 0.8, 3788.55, 21, 1, smm_btc, 155166921906, True
btc_pax, None, 0.213747, 3807.16, 23, 1, smm_btc, 155166921907, True
btc_pax, None, 0.8, 3787.73, 21, 1, smm_btc, 155166922210, False
btc_pax, None, 0.213747, 3804.12, 23, 1, smm_btc, 155166922211, False
btc_pax, None, 0.213747, 3804.12, 23, 1, smm_btc, 155166922211, True
btc_pax, None, 0.213747, 3801.17, 23, 1, smm_btc, 155166922413, False
btc_pax, None, 0.055573, 3787.72, 21, 1, smm1_btc, 155166919374, True
btc_pax, None, 0.2, 3789.52, 23, 1, smm1_btc, 155166922615, False
btc_pax, None, 0.8, 3787.73, 21, 1, smm_btc, 155166922210, True
btc_pax, None, 0.213747, 3801.17, 23, 1, smm_btc, 155166922413, True
btc_pax, None, 0.8, 3787.08, 21, 1, smm_btc, 155166922918, False
btc_pax, None, 0.213747, 3797.81, 23, 1, smm_btc, 155166922919, False
btc_pax, None, 0.8, 3787.08, 21, 1, smm_btc, 155166922918, True
btc_pax, None, 0.8, 3787.06, 21, 1, smm_btc, 155166923221, False
btc_pax, None, 0.055573, 3787.06, 21, 1, smm1_btc, 155166923622, False
btc_pax, None, 0.2, 3789.52, 23, 1, smm1_btc, 155166922615, True
btc_pax, None, 0.8, 3787.06, 21, 1, smm_btc, 155166923221, True
btc_pax, None, 0.8, 3787.07, 21, 1, smm_btc, 155166924025, False
btc_pax, None, 0.213747, 3797.81, 23, 1, smm_btc, 155166922919, True
btc_pax, None, 0.213747, 3801.17, 23, 1, smm_btc, 155166924327, False
btc_pax, None, 0.055573, 3787.06, 21, 1, smm1_btc, 155166923622, True
btc_pax, None, 0.2, 3788.53, 23, 1, smm1_btc, 155166924729, False
btc_pax, None, 0.8, 3787.07, 21, 1, smm_btc, 155166924025, True
btc_pax, None, 0.213747, 3801.17, 23, 1, smm_btc, 155166924327, True
btc_pax, None, 0.8, 3787.06, 21, 1, smm_btc, 155166924932, False
btc_pax, None, 0.213747, 3797.81, 23, 1, smm_btc, 155166924933, False
btc_pax, None, 0.8, 3787.06, 21, 1, smm_btc, 155166924932, True
btc_pax, None, 0.8, 3783.94, 21, 1, smm_btc, 155166926535, False
btc_pax, None, 0.213747, 3797.81, 23, 1, smm_btc, 155166924933, True
btc_pax, None, 0.213747, 3804.12, 23, 1, smm_btc, 155166926637, False
btc_pax, None, 0.055573, 3783.94, 21, 1, smm1_btc, 155166926738, False
btc_pax, None, 0.2, 3788.53, 23, 1, smm1_btc, 155166924729, True
btc_pax, None, 0.8, 3783.94, 21, 1, smm_btc, 155166926535, True
btc_pax, None, 0.8, 3783.95, 21, 1, smm_btc, 155166926941, False
btc_pax, None, 0.213747, 3804.12, 23, 1, smm_btc, 155166926637, True
btc_pax, None, 0.213747, 3801.75, 23, 1, smm_btc, 155166927243, False
btc_pax, None, 0.213747, 3801.75, 23, 1, smm_btc, 155166927243, True
btc_pax, None, 0.213747, 3801.17, 23, 1, smm_btc, 155166927545, False
btc_pax, None, 0.2, 3785.01, 23, 1, smm1_btc, 155166927746, False
btc_pax, None, 0.8, 3783.95, 21, 1, smm_btc, 155166926941, True
btc_pax, None, 0.79, 3784.42, 21, 1, smm_btc, 155166927948, False
btc_pax, None, 0.213747, 3801.17, 23, 1, smm_btc, 155166927545, True
btc_pax, None, 0.213747, 3784.99, 23, 1, smm_btc, 155166928250, False
btc_pax, None, 0.213747, 3784.99, 23, 1, smm_btc, 155166928250, True
btc_pax, None, 0.8, 3772.23, 21, 1, smm_btc, 155166928352, False
btc_pax, None, 0.213747, 3784.97, 23, 1, smm_btc, 155166928453, False
btc_pax, None, 0.213747, 3784.97, 23, 1, smm_btc, 155166928453, True
btc_pax, None, 0.213747, 3785.0, 23, 1, smm_btc, 155166928755, False
btc_pax, None, 0.8, 3772.23, 21, 1, smm_btc, 155166928352, True
btc_pax, None, 0.055573, 3783.94, 21, 1, smm1_btc, 155166926738, True
btc_pax, None, 0.8, 3772.27, 21, 1, smm_btc, 155166928858, False
btc_pax, None, 0.8, 3772.27, 21, 1, smm_btc, 155166928858, True
btc_pax, None, 0.8, 3772.23, 21, 1, smm_btc, 155166929560, False
btc_pax, None, 0.8, 3772.23, 21, 1, smm_btc, 155166929560, True
btc_pax, None, 0.055573, 3784.43, 21, 1, smm1_btc, 155166929962, False
btc_pax, None, 0.2, 3785.01, 23, 1, smm1_btc, 155166927746, True
btc_pax, None, 0.8, 3771.42, 21, 1, smm_btc, 155166930064, False
btc_pax, None, 0.8, 3771.42, 21, 1, smm_btc, 155166930064, True
btc_pax, None, 0.8, 3771.42, 21, 1, smm_btc, 155166930666, False
btc_pax, None, 0.8, 3771.42, 21, 1, smm_btc, 155166930666, True
btc_pax, None, 0.8, 3771.39, 21, 1, smm_btc, 155166930968, False
btc_pax, None, 0.164404, 3784.99, 23, 1, smm1_btc, 155166930969, False
btc_pax, None, 0.213747, 3785.0, 23, 1, smm_btc, 155166928755, True
btc_pax, None, 0.213747, 3784.98, 23, 1, smm_btc, 155166931171, False
btc_pax, None, 0.8, 3771.39, 21, 1, smm_btc, 155166930968, True
btc_pax, None, 0.8, 3771.39, 21, 1, smm_btc, 155166932073, False
btc_pax, None, 0.164404, 3784.99, 23, 1, smm1_btc, 155166930969, True
btc_pax, None, 0.8, 3771.39, 21, 1, smm_btc, 155166932073, True
btc_pax, None, 0.8, 3771.42, 21, 1, smm_btc, 155166932676, False
btc_pax, None, 0.8, 3771.42, 21, 1, smm_btc, 155166932676, True
btc_pax, None, 0.8, 3771.39, 21, 1, smm_btc, 155166933078, False
btc_pax, None, 0.164404, 3784.97, 23, 1, smm1_btc, 155166933179, False
btc_pax, None, 0.213747, 3784.98, 23, 1, smm_btc, 155166931171, True
btc_pax, None, 0.213747, 3784.41, 23, 1, smm_btc, 155166934081, False
btc_pax, None, 0.8, 3771.39, 21, 1, smm_btc, 155166933078, True
btc_pax, None, 0.8, 3771.42, 21, 1, smm_btc, 155166934183, False
btc_pax, None, 0.8, 3771.42, 21, 1, smm_btc, 155166934183, True
btc_pax, None, 0.8, 3771.39, 21, 1, smm_btc, 155166934785, False
btc_pax, None, 0.2, 3783.83, 21, 1, smm1_btc, 155166935286, False
btc_pax, None, 0.164404, 3784.97, 23, 1, smm1_btc, 155166933179, True
btc_pax, None, 0.8, 3771.39, 21, 1, smm_btc, 155166934785, True
btc_pax, None, 0.8, 3771.39, 21, 1, smm_btc, 155166936089, False
btc_pax, None, 0.8, 3771.39, 21, 1, smm_btc, 155166936089, True
btc_pax, None, 0.8, 3769.51, 21, 1, smm_btc, 155166936291, False
btc_pax, None, 0.164404, 3784.4, 23, 1, smm1_btc, 155166936292, False
btc_pax, None, 0.213747, 3784.41, 23, 1, smm_btc, 155166934081, True
btc_pax, None, 0.213747, 3784.39, 23, 1, smm_btc, 155166936494, False
btc_pax, None, 0.8, 3769.51, 21, 1, smm_btc, 155166936291, True
btc_pax, None, 0.213747, 3784.39, 23, 1, smm_btc, 155166936494, True
btc_pax, None, 0.8, 3771.39, 21, 1, smm_btc, 155166937597, False
btc_pax, None, 0.213747, 3783.82, 23, 1, smm_btc, 155166937698, False
pax_usdt, None, 8000.0, 1.0062, 23, 1, smm, 155166905942, True
btc_pax, None, 0.213747, 3783.82, 23, 1, smm_btc, 155166937698, True
pax_usdt, None, 8000.0, 1.0057, 21, 1, smm, 155166937701, False
pax_usdt, None, 8000.0, 1.0061, 23, 1, smm, 155166937702, False
btc_pax, None, 0.213747, 3783.82, 23, 1, smm_btc, 155166937803, False
btc_pax, None, 0.213747, 3783.82, 23, 1, smm_btc, 155166937803, True
btc_pax, None, 0.213747, 3783.82, 23, 1, smm_btc, 155166938105, False
btc_pax, None, 0.213747, 3783.82, 23, 1, smm_btc, 155166938105, True
btc_pax, None, 0.8, 3771.39, 21, 1, smm_btc, 155166937597, True
btc_pax, None, 0.213747, 3783.81, 23, 1, smm_btc, 155166938308, False
btc_pax, None, 0.8, 3769.51, 21, 1, smm_btc, 155166938409, False
btc_pax, None, 0.164404, 3784.4, 23, 1, smm1_btc, 155166936292, True
btc_pax, None, 0.213747, 3783.81, 23, 1, smm_btc, 155166938308, True
btc_pax, None, 0.213747, 3783.8, 23, 1, smm_btc, 155166938612, False
btc_pax, None, 0.213747, 3783.8, 23, 1, smm_btc, 155166938612, True
pax_usdt, None, 1000.0, 1.0061, 23, 1, smm1, 155166906952, True
btc_pax, None, 0.213747, 3783.8, 23, 1, smm_btc, 155166938915, False
btc_pax, None, 0.213747, 3783.8, 23, 1, smm_btc, 155166938915, True
btc_pax, None, 0.213747, 3783.79, 23, 1, smm_btc, 155166939117, False
btc_pax, None, 0.8, 3769.51, 21, 1, smm_btc, 155166938409, True
btc_pax, None, 0.213747, 3783.79, 23, 1, smm_btc, 155166939117, True
btc_pax, None, 0.8, 3769.51, 21, 1, smm_btc, 155166939220, False
btc_pax, None, 0.213747, 3783.78, 23, 1, smm_btc, 155166939321, False
btc_pax, None, 0.213747, 3783.78, 23, 1, smm_btc, 155166939321, True
btc_pax, None, 0.213747, 3783.78, 23, 1, smm_btc, 155166939523, False
btc_pax, None, 0.8, 3769.51, 21, 1, smm_btc, 155166939220, True
btc_pax, None, 0.2, 3782.77, 21, 1, smm1_btc, 155166939525, False
btc_pax, None, 0.164404, 3783.78, 23, 1, smm1_btc, 155166939526, False
btc_pax, None, 0.213747, 3783.78, 23, 1, smm_btc, 155166939523, True
btc_pax, None, 0.8, 3771.39, 21, 1, smm_btc, 155166939628, False
btc_pax, None, 0.213747, 3783.77, 23, 1, smm_btc, 155166939829, False
btc_pax, None, 0.8, 3771.39, 21, 1, smm_btc, 155166939628, True
btc_pax, None, 0.8, 3769.51, 21, 1, smm_btc, 155166940231, False
btc_pax, None, 0.213747, 3783.77, 23, 1, smm_btc, 155166939829, True
btc_pax, None, 0.213747, 3783.76, 23, 1, smm_btc, 155166940433, False
btc_pax, None, 0.213747, 3783.76, 23, 1, smm_btc, 155166940433, True
pax_usdt, None, 1000.0, 1.0057, 21, 1, smm1, 155166940535, False
btc_pax, None, 0.164404, 3783.78, 23, 1, smm1_btc, 155166939526, True
btc_pax, None, 0.213747, 3783.76, 23, 1, smm_btc, 155166940737, False
btc_pax, None, 0.213747, 3783.76, 23, 1, smm_btc, 155166940737, True
btc_pax, None, 0.213747, 3783.76, 23, 1, smm_btc, 155166941239, False
btc_pax, None, 0.8, 3769.51, 21, 1, smm_btc, 155166940231, True
btc_pax, None, 0.213747, 3783.76, 23, 1, smm_btc, 155166941239, True
btc_pax, None, 0.8, 3769.51, 21, 1, smm_btc, 155166941342, False
btc_pax, None, 0.213747, 3783.76, 23, 1, smm_btc, 155166941443, False
pax_usdt, None, 1000.0, 1.0059, 23, 1, smm1, 155166941544, False
btc_pax, None, 0.213747, 3783.76, 23, 1, smm_btc, 155166941443, True
pax_usdt, None, 8000.0, 1.0061, 23, 1, smm, 155166937702, True
btc_pax, None, 0.213747, 3782.76, 23, 1, smm_btc, 155166941647, False
btc_pax, None, 0.164404, 3782.76, 23, 1, smm1_btc, 155166941648, False
pax_usdt, None, 8000.0, 1.0059, 23, 1, smm, 155166941749, False
btc_pax, None, 0.213747, 3782.76, 23, 1, smm_btc, 155166941647, True
btc_pax, None, 0.213747, 3782.75, 23, 1, smm_btc, 155166941951, False
btc_pax, None, 0.8, 3769.51, 21, 1, smm_btc, 155166941342, True
btc_pax, None, 0.8, 3782.76, 23, 1, smm_btc, 155166942353, False
btc_pax, None, 0.8, 3771.42, 21, 1, smm_btc, 155166942354, False
btc_pax, None, 0.8, 3782.76, 23, 1, smm_btc, 155166942353, True
btc_pax, None, 0.8, 3771.42, 21, 1, smm_btc, 155166942354, True
btc_pax, None, 0.8, 3783.25, 21, 1, smm_btc, 155166943257, False
btc_pax, None, 0.8, 3797.81, 23, 1, smm_btc, 155166943258, False
btc_pax, None, 0.8, 3783.25, 21, 1, smm_btc, 155166943257, True
btc_pax, None, 0.8, 3783.25, 21, 1, smm_btc, 155166943460, False
btc_pax, None, 0.8, 3797.81, 23, 1, smm_btc, 155166943258, True
btc_pax, None, 0.8, 3783.25, 21, 1, smm_btc, 155166943460, True
btc_pax, None, 0.8, 3797.81, 23, 1, smm_btc, 155166943663, False
btc_pax, None, 0.2, 3783.25, 21, 1, smm1_btc, 155166943664, False
btc_pax, None, 0.2, 3785.78, 23, 1, smm1_btc, 155166943765, False
btc_pax, None, 0.8, 3783.7, 21, 1, smm_btc, 155166943766, False
btc_pax, None, 0.8, 3783.7, 21, 1, smm_btc, 155166943766, True
btc_pax, None, 0.8, 3783.7, 21, 1, smm_btc, 155166943968, False
btc_pax, None, 0.8, 3783.7, 21, 1, smm_btc, 155166943968, True
btc_pax, None, 0.8, 3783.71, 21, 1, smm_btc, 155166944170, False
btc_pax, None, 0.8, 3783.71, 21, 1, smm_btc, 155166944170, True
btc_pax, None, 0.8, 3783.72, 21, 1, smm_btc, 155166944372, False
btc_pax, None, 0.8, 3797.81, 23, 1, smm_btc, 155166943663, True
btc_pax, None, 0.8, 3783.72, 21, 1, smm_btc, 155166944372, True
btc_pax, None, 0.8, 3797.81, 23, 1, smm_btc, 155166944475, False
btc_pax, None, 0.8, 3784.57, 21, 1, smm_btc, 155166944776, False
btc_pax, None, 0.2, 3783.25, 21, 1, smm1_btc, 155166943664, True
btc_pax, None, 0.2, 3785.78, 23, 1, smm1_btc, 155166943765, True
btc_pax, None, 0.8, 3797.81, 23, 1, smm_btc, 155166944475, True
btc_pax, None, 0.8, 3797.81, 23, 1, smm_btc, 155166945080, False
btc_pax, None, 0.8, 3784.57, 21, 1, smm_btc, 155166944776, True
btc_pax, None, 0.8, 3784.58, 21, 1, smm_btc, 155166945282, False
btc_pax, None, 0.8, 3784.58, 21, 1, smm_btc, 155166945282, True
btc_pax, None, 0.8, 3784.58, 21, 1, smm_btc, 155166945584, False
btc_pax, None, 0.8, 3797.81, 23, 1, smm_btc, 155166945080, True
btc_pax, None, 0.8, 3784.58, 21, 1, smm_btc, 155166945584, True
btc_pax, None, 0.8, 3801.17, 23, 1, smm_btc, 155166945687, False
btc_pax, None, 0.8, 3784.58, 21, 1, smm_btc, 155166945788, False
btc_pax, None, 0.8, 3801.17, 23, 1, smm_btc, 155166945687, True
btc_pax, None, 0.2, 3784.56, 21, 1, smm1_btc, 155166945790, False
btc_pax, None, 0.2, 3786.47, 23, 1, smm1_btc, 155166945891, False
btc_pax, None, 0.8, 3786.32, 23, 1, smm_btc, 155166945992, False
btc_pax, None, 0.8, 3784.58, 21, 1, smm_btc, 155166945788, True
btc_pax, None, 0.8, 3786.32, 23, 1, smm_btc, 155166945992, True
btc_pax, None, 0.637626, 3771.39, 21, 1, smm_btc, 155166946195, False
btc_pax, None, 0.8, 3786.18, 23, 1, smm_btc, 155166946296, False
btc_pax, None, 0.8, 3786.18, 23, 1, smm_btc, 155166946296, True
btc_pax, None, 0.8, 3786.18, 23, 1, smm_btc, 155166946498, False
btc_pax, None, 0.8, 3786.18, 23, 1, smm_btc, 155166946498, True
btc_pax, None, 0.637626, 3771.39, 21, 1, smm_btc, 155166946195, True
btc_pax, None, 0.8, 3786.0, 23, 1, smm_btc, 155166946601, False
btc_pax, None, 0.637626, 3768.14, 21, 1, smm_btc, 155166946602, False
btc_pax, None, 0.8, 3786.0, 23, 1, smm_btc, 155166946601, True
btc_pax, None, 0.8, 3785.9, 23, 1, smm_btc, 155166946804, False
btc_pax, None, 0.2, 3786.47, 23, 1, smm1_btc, 155166945891, True
btc_pax, None, 0.8, 3785.9, 23, 1, smm_btc, 155166946804, True
pax_usdt, None, 8000.0, 1.005, 21, 1, smm, 155166947007, False
pax_usdt, None, 8000.0, 1.0059, 23, 1, smm, 155166941749, True
btc_pax, None, 0.8, 3786.02, 23, 1, smm_btc, 155166947109, False
pax_usdt, None, 8000.0, 1.0058, 23, 1, smm, 155166947210, False
pax_usdt, None, 1000.0, 1.0059, 23, 1, smm1, 155166941544, True
btc_pax, None, 0.8, 3786.02, 23, 1, smm_btc, 155166947109, True
btc_pax, None, 0.637626, 3768.14, 21, 1, smm_btc, 155166946602, True
btc_pax, None, 0.8, 3784.41, 23, 1, smm_btc, 155166947814, False
btc_pax, None, 0.637626, 3767.96, 21, 1, smm_btc, 155166947815, False
pax_usdt, None, 8000.0, 1.005, 21, 1, smm, 155166947007, True
btc_pax, None, 0.8, 3784.41, 23, 1, smm_btc, 155166947814, True
pax_usdt, None, 8000.0, 1.0047, 21, 1, smm, 155166948118, False
btc_pax, None, 0.8, 3784.34, 23, 1, smm_btc, 155166948119, False
btc_pax, None, 0.8, 3784.34, 23, 1, smm_btc, 155166948119, True
btc_pax, None, 0.637626, 3767.96, 21, 1, smm_btc, 155166947815, True
btc_pax, None, 0.8, 3784.27, 23, 1, smm_btc, 155166948322, False
btc_pax, None, 0.637626, 3767.96, 21, 1, smm_btc, 155166948323, False
pax_usdt, None, 1000.0, 1.0047, 21, 1, smm1, 155166948424, False
pax_usdt, None, 1000.0, 1.0054, 23, 1, smm1, 155166948425, False
btc_pax, None, 0.8, 3784.27, 23, 1, smm_btc, 155166948322, True
btc_pax, None, 0.637626, 3767.96, 21, 1, smm_btc, 155166948323, True
pax_usdt, None, 8000.0, 1.0058, 23, 1, smm, 155166947210, True
btc_pax, None, 0.8, 3784.16, 23, 1, smm_btc, 155166948629, False
btc_pax, None, 0.637626, 3767.96, 21, 1, smm_btc, 155166948630, False
pax_usdt, None, 8000.0, 1.0054, 23, 1, smm, 155166948731, False
btc_pax, None, 0.8, 3784.16, 23, 1, smm_btc, 155166948629, True
btc_pax, None, 0.8, 3784.13, 23, 1, smm_btc, 155166948933, False
btc_pax, None, 0.2, 3784.13, 23, 1, smm1_btc, 155166948934, False
btc_pax, None, 0.8, 3784.13, 23, 1, smm_btc, 155166948933, True
btc_pax, None, 0.8, 3784.0, 23, 1, smm_btc, 155166949136, False
btc_pax, None, 0.637626, 3767.96, 21, 1, smm_btc, 155166948630, True
btc_pax, None, 0.8, 3784.0, 23, 1, smm_btc, 155166949136, True
btc_pax, None, 0.637626, 3771.42, 21, 1, smm_btc, 155166949339, False
pax_usdt, None, 1000.0, 1.0047, 21, 1, smm1, 155166948424, True
pax_usdt, None, 1000.0, 1.0054, 23, 1, smm1, 155166948425, True
btc_pax, None, 0.8, 3783.79, 23, 1, smm_btc, 155166949442, False
pax_usdt, None, 8000.0, 1.0047, 21, 1, smm, 155166948118, True
pax_usdt, None, 8000.0, 1.0054, 23, 1, smm, 155166948731, True
btc_pax, None, 0.8, 3783.79, 23, 1, smm_btc, 155166949442, True
btc_pax, None, 0.637626, 3771.42, 21, 1, smm_btc, 155166949339, True
pax_usdt, None, 8000.0, 1.0048, 21, 1, smm, 155166949647, False
pax_usdt, None, 8000.0, 1.0059, 23, 1, smm, 155166949648, False
btc_pax, None, 0.8, 3783.62, 23, 1, smm_btc, 155166949649, False
btc_pax, None, 0.637626, 3767.96, 21, 1, smm_btc, 155166949650, False
btc_pax, None, 0.8, 3783.62, 23, 1, smm_btc, 155166949649, True
btc_pax, None, 0.637626, 3767.96, 21, 1, smm_btc, 155166949650, True
btc_pax, None, 0.8, 3783.43, 23, 1, smm_btc, 155166949853, False
btc_pax, None, 0.637626, 3767.82, 21, 1, smm_btc, 155166949854, False
btc_pax, None, 0.8, 3783.43, 23, 1, smm_btc, 155166949853, True
btc_pax, None, 0.2, 3784.13, 23, 1, smm1_btc, 155166948934, True
btc_pax, None, 0.8, 3783.29, 23, 1, smm_btc, 155166950057, False
btc_pax, None, 0.637626, 3767.82, 21, 1, smm_btc, 155166949854, True
btc_pax, None, 0.8, 3783.29, 23, 1, smm_btc, 155166950057, True
btc_pax, None, 0.637626, 3768.14, 21, 1, smm_btc, 155166950160, False
pax_usdt, None, 8000.0, 1.0048, 21, 1, smm, 155166949647, True
btc_pax, None, 0.8, 3783.15, 23, 1, smm_btc, 155166950262, False
pax_usdt, None, 8000.0, 1.0049, 21, 1, smm, 155166950363, False
pax_usdt, None, 8000.0, 1.0059, 23, 1, smm, 155166949648, True
btc_pax, None, 0.8, 3783.15, 23, 1, smm_btc, 155166950262, True
pax_usdt, None, 1000.0, 1.0049, 21, 1, smm1, 155166950466, False
pax_usdt, None, 1000.0, 1.0052, 23, 1, smm1, 155166950467, False
pax_usdt, None, 8000.0, 1.0061, 23, 1, smm, 155166950468, False
btc_pax, None, 0.8, 3783.01, 23, 1, smm_btc, 155166950469, False
btc_pax, None, 0.8, 3783.01, 23, 1, smm_btc, 155166950469, True
pax_usdt, None, 8000.0, 1.0061, 23, 1, smm, 155166950468, True
btc_pax, None, 0.8, 3782.94, 23, 1, smm_btc, 155166950672, False
pax_usdt, None, 8000.0, 1.0059, 23, 1, smm, 155166950773, False
btc_pax, None, 0.8, 3782.94, 23, 1, smm_btc, 155166950672, True
btc_pax, None, 0.8, 3782.91, 23, 1, smm_btc, 155166951075, False
btc_pax, None, 0.2, 3782.91, 23, 1, smm1_btc, 155166951076, False
btc_pax, None, 0.8, 3782.91, 23, 1, smm_btc, 155166951075, True
btc_pax, None, 0.8, 3782.89, 23, 1, smm_btc, 155166951378, False
btc_pax, None, 0.8, 3782.89, 23, 1, smm_btc, 155166951378, True
pax_usdt, None, 1000.0, 1.0049, 21, 1, smm1, 155166950466, True
btc_pax, None, 0.8, 3782.84, 23, 1, smm_btc, 155166951581, False
btc_pax, None, 0.8, 3782.84, 23, 1, smm_btc, 155166951581, True
pax_usdt, None, 8000.0, 1.0059, 23, 1, smm, 155166950773, True
btc_pax, None, 0.8, 3782.78, 23, 1, smm_btc, 155166951884, False
btc_pax, None, 0.637626, 3768.14, 21, 1, smm_btc, 155166950160, True
pax_usdt, None, 8000.0, 1.0049, 21, 1, smm, 155166950363, True
pax_usdt, None, 8000.0, 1.0059, 23, 1, smm, 155166951987, False
btc_pax, None, 0.8, 3782.78, 23, 1, smm_btc, 155166951884, True
btc_pax, None, 0.637626, 3767.06, 21, 1, smm_btc, 155166951989, False
pax_usdt, None, 8000.0, 1.005, 21, 1, smm, 155166952090, False
btc_pax, None, 0.8, 3782.59, 23, 1, smm_btc, 155166952091, False
btc_pax, None, 0.2, 3782.91, 23, 1, smm1_btc, 155166951076, True
pax_usdt, None, 8000.0, 1.005, 21, 1, smm, 155166952090, True
pax_usdt, None, 8000.0, 1.0059, 23, 1, smm, 155166951987, True
pax_usdt, None, 8000.0, 1.0051, 21, 1, smm, 155166952395, False
pax_usdt, None, 8000.0, 1.0061, 23, 1, smm, 155166952396, False
pax_usdt, None, 1000.0, 1.0053, 21, 1, smm1, 155166952597, False
btc_pax, None, 0.8, 3782.59, 23, 1, smm_btc, 155166952091, True
btc_pax, None, 0.637626, 3767.06, 21, 1, smm_btc, 155166951989, True
pax_usdt, None, 8000.0, 1.0051, 21, 1, smm, 155166952395, True
btc_pax, None, 0.8, 3780.86, 23, 1, smm_btc, 155166953001, False
btc_pax, None, 0.637626, 3766.45, 21, 1, smm_btc, 155166953002, False
pax_usdt, None, 8000.0, 1.0053, 21, 1, smm, 155166953003, False
btc_pax, None, 0.8, 3780.86, 23, 1, smm_btc, 155166953001, True
btc_pax, None, 0.637626, 3766.45, 21, 1, smm_btc, 155166953002, True
btc_pax, None, 0.2, 3780.85, 23, 1, smm1_btc, 155166953106, False
btc_pax, None, 0.8, 3780.82, 23, 1, smm_btc, 155166953307, False
btc_pax, None, 0.637626, 3765.81, 21, 1, smm_btc, 155166953308, False
btc_pax, None, 0.8, 3780.82, 23, 1, smm_btc, 155166953307, True
pax_usdt, None, 1000.0, 1.0053, 21, 1, smm1, 155166952597, True
pax_usdt, None, 1000.0, 1.0056, 23, 1, smm1, 155166953511, False
pax_usdt, None, 8000.0, 1.0061, 23, 1, smm, 155166952396, True
pax_usdt, None, 8000.0, 1.0056, 23, 1, smm, 155166953813, False
btc_pax, None, 0.8, 3780.77, 23, 1, smm_btc, 155166953914, False
btc_pax, None, 0.637626, 3765.81, 21, 1, smm_btc, 155166953308, True
pax_usdt, None, 8000.0, 1.0053, 21, 1, smm, 155166953003, True
pax_usdt, None, 8000.0, 1.0056, 23, 1, smm, 155166953813, True
btc_pax, None, 0.8, 3780.77, 23, 1, smm_btc, 155166953914, True
btc_pax, None, 0.637626, 3765.81, 21, 1, smm_btc, 155166954019, False
pax_usdt, None, 8000.0, 1.0049, 21, 1, smm, 155166954020, False
pax_usdt, None, 8000.0, 1.0061, 23, 1, smm, 155166954021, False
btc_pax, None, 0.8, 3780.75, 23, 1, smm_btc, 155166954122, False
pax_usdt, None, 8000.0, 1.0049, 21, 1, smm, 155166954020, True
pax_usdt, None, 8000.0, 1.0061, 23, 1, smm, 155166954021, True
btc_pax, None, 0.2, 3780.85, 23, 1, smm1_btc, 155166953106, True
pax_usdt, None, 8000.0, 1.0053, 21, 1, smm, 155166954226, False
pax_usdt, None, 8000.0, 1.0056, 23, 1, smm, 155166954227, False
btc_pax, None, 0.8, 3780.75, 23, 1, smm_btc, 155166954122, True
btc_pax, None, 0.637626, 3765.81, 21, 1, smm_btc, 155166954019, True
pax_usdt, None, 1000.0, 1.0054, 21, 1, smm1, 155166954530, False
btc_pax, None, 0.8, 3780.73, 23, 1, smm_btc, 155166954531, False
btc_pax, None, 0.637626, 3765.93, 21, 1, smm_btc, 155166954532, False
btc_pax, None, 0.8, 3780.73, 23, 1, smm_btc, 155166954531, True
btc_pax, None, 0.8, 3780.71, 23, 1, smm_btc, 155166955134, False
btc_pax, None, 0.8, 3780.71, 23, 1, smm_btc, 155166955134, True
btc_pax, None, 0.2, 3780.69, 23, 1, smm1_btc, 155166955236, False
btc_pax, None, 0.8, 3780.67, 23, 1, smm_btc, 155166955337, False
btc_pax, None, 0.8, 3780.67, 23, 1, smm_btc, 155166955337, True
btc_pax, None, 0.637626, 3765.93, 21, 1, smm_btc, 155166954532, True
btc_pax, None, 0.8, 3780.65, 23, 1, smm_btc, 155166955540, False
btc_pax, None, 0.637626, 3766.44, 21, 1, smm_btc, 155166955541, False
btc_pax, None, 0.8, 3780.65, 23, 1, smm_btc, 155166955540, True
btc_pax, None, 0.8, 3780.63, 23, 1, smm_btc, 155166955843, False
btc_pax, None, 0.637626, 3766.44, 21, 1, smm_btc, 155166955541, True
btc_pax, None, 0.8, 3780.63, 23, 1, smm_btc, 155166955843, True
btc_pax, None, 0.637626, 3766.8, 21, 1, smm_btc, 155166955946, False
btc_pax, None, 0.8, 3780.61, 23, 1, smm_btc, 155166956047, False
btc_pax, None, 0.2, 3780.69, 23, 1, smm1_btc, 155166955236, True
btc_pax, None, 0.637626, 3766.8, 21, 1, smm_btc, 155166955946, True
btc_pax, None, 0.637626, 3766.44, 21, 1, smm_btc, 155166956650, False
btc_pax, None, 0.637626, 3766.44, 21, 1, smm_btc, 155166956650, True
btc_pax, None, 0.8, 3780.61, 23, 1, smm_btc, 155166956047, True
btc_pax, None, 0.637626, 3766.44, 21, 1, smm_btc, 155166957353, False
btc_pax, None, 0.2, 3779.83, 23, 1, smm1_btc, 155166957354, False
btc_pax, None, 0.8, 3779.82, 23, 1, smm_btc, 155166957555, False
btc_pax, None, 0.8, 3779.82, 23, 1, smm_btc, 155166957555, True
btc_pax, None, 0.8, 3779.81, 23, 1, smm_btc, 155166957757, False
btc_pax, None, 0.8, 3779.81, 23, 1, smm_btc, 155166957757, True
btc_pax, None, 0.8, 3779.79, 23, 1, smm_btc, 155166958159, False
btc_pax, None, 0.8, 3779.79, 23, 1, smm_btc, 155166958159, True
btc_pax, None, 0.8, 3779.71, 23, 1, smm_btc, 155166958461, False
btc_pax, None, 0.637626, 3766.44, 21, 1, smm_btc, 155166957353, True
btc_pax, None, 0.2, 3779.83, 23, 1, smm1_btc, 155166957354, True
btc_pax, None, 0.8, 3779.71, 23, 1, smm_btc, 155166958461, True
btc_pax, None, 0.637626, 3766.8, 21, 1, smm_btc, 155166958565, False
btc_pax, None, 0.8, 3779.68, 23, 1, smm_btc, 155166958666, False
btc_pax, None, 0.637626, 3766.8, 21, 1, smm_btc, 155166958565, True
btc_pax, None, 0.8, 3779.68, 23, 1, smm_btc, 155166958666, True
btc_pax, None, 0.637626, 3766.8, 21, 1, smm_btc, 155166958769, False
btc_pax, None, 0.8, 3779.69, 23, 1, smm_btc, 155166958870, False
btc_pax, None, 0.637626, 3766.8, 21, 1, smm_btc, 155166958769, True
btc_pax, None, 0.8, 3779.69, 23, 1, smm_btc, 155166958870, True
btc_pax, None, 0.637626, 3766.8, 21, 1, smm_btc, 155166958973, False
btc_pax, None, 0.8, 3779.67, 23, 1, smm_btc, 155166959074, False
btc_pax, None, 0.8, 3779.67, 23, 1, smm_btc, 155166959074, True
btc_pax, None, 0.637626, 3766.8, 21, 1, smm_btc, 155166958973, True
pax_usdt, None, 8000.0, 1.0053, 21, 1, smm, 155166954226, True
pax_usdt, None, 8000.0, 1.0049, 21, 1, smm, 155166959378, False
btc_pax, None, 0.8, 3779.65, 23, 1, smm_btc, 155166959379, False
btc_pax, None, 0.637626, 3766.44, 21, 1, smm_btc, 155166959380, False
btc_pax, None, 0.8, 3779.65, 23, 1, smm_btc, 155166959379, True
btc_pax, None, 0.2, 3779.63, 23, 1, smm1_btc, 155166959582, False
btc_pax, None, 0.8, 3779.61, 23, 1, smm_btc, 155166959683, False
btc_pax, None, 0.8, 3779.61, 23, 1, smm_btc, 155166959683, True
btc_pax, None, 0.8, 3779.59, 23, 1, smm_btc, 155166959885, False
btc_pax, None, 0.8, 3779.59, 23, 1, smm_btc, 155166959885, True
btc_pax, None, 0.8, 3779.57, 23, 1, smm_btc, 155166960087, False
btc_pax, None, 0.8, 3779.57, 23, 1, smm_btc, 155166960087, True
btc_pax, None, 0.8, 3779.55, 23, 1, smm_btc, 155166960289, False
btc_pax, None, 0.8, 3779.55, 23, 1, smm_btc, 155166960289, True
btc_pax, None, 0.8, 3779.49, 23, 1, smm_btc, 155166960491, False
btc_pax, None, 0.637626, 3766.44, 21, 1, smm_btc, 155166959380, True
btc_pax, None, 0.2, 3779.63, 23, 1, smm1_btc, 155166959582, True
btc_pax, None, 0.8, 3779.49, 23, 1, smm_btc, 155166960491, True
btc_pax, None, 0.637626, 3765.93, 21, 1, smm_btc, 155166960695, False
btc_pax, None, 0.8, 3779.47, 23, 1, smm_btc, 155166960996, False
btc_pax, None, 0.8, 3779.47, 23, 1, smm_btc, 155166960996, True
btc_pax, None, 0.637626, 3765.93, 21, 1, smm_btc, 155166960695, True
btc_pax, None, 0.8, 3779.45, 23, 1, smm_btc, 155166961499, False
btc_pax, None, 0.637626, 3766.44, 21, 1, smm_btc, 155166961400, False
btc_pax, None, 0.8, 3779.45, 23, 1, smm_btc, 155166961499, True
btc_pax, None, 0.2, 3779.4, 23, 1, smm1_btc, 155166961502, False
btc_pax, None, 0.8, 3779.35, 23, 1, smm_btc, 155166961703, False
btc_pax, None, 0.8, 3779.35, 23, 1, smm_btc, 155166961703, True
btc_pax, None, 0.637626, 3766.44, 21, 1, smm_btc, 155166961400, True
btc_pax, None, 0.8, 3779.33, 23, 1, smm_btc, 155166961906, False
btc_pax, None, 0.637626, 3766.8, 21, 1, smm_btc, 155166961907, False
btc_pax, None, 0.8, 3779.33, 23, 1, smm_btc, 155166961906, True
btc_pax, None, 0.8, 3779.31, 23, 1, smm_btc, 155166962409, False
btc_pax, None, 0.8, 3779.31, 23, 1, smm_btc, 155166962409, True
btc_pax, None, 0.8, 3779.29, 23, 1, smm_btc, 155166962611, False
btc_pax, None, 0.2, 3779.4, 23, 1, smm1_btc, 155166961502, True
btc_pax, None, 0.8, 3779.29, 23, 1, smm_btc, 155166962611, True
btc_pax, None, 0.8, 3779.27, 23, 1, smm_btc, 155166962814, False
btc_pax, None, 0.8, 3779.27, 23, 1, smm_btc, 155166962814, True
btc_pax, None, 0.637626, 3766.8, 21, 1, smm_btc, 155166961907, True
btc_pax, None, 0.8, 3779.7, 23, 1, smm_btc, 155166963117, False
btc_pax, None, 0.637626, 3767.19, 21, 1, smm_btc, 155166963118, False
btc_pax, None, 0.8, 3779.7, 23, 1, smm_btc, 155166963117, True
btc_pax, None, 0.637626, 3767.19, 21, 1, smm_btc, 155166963118, True
btc_pax, None, 0.8, 3779.56, 23, 1, smm_btc, 155166963321, False
btc_pax, None, 0.637626, 3767.19, 21, 1, smm_btc, 155166963322, False
btc_pax, None, 0.8, 3779.56, 23, 1, smm_btc, 155166963321, True
btc_pax, None, 0.637626, 3767.19, 21, 1, smm_btc, 155166963322, True
pax_usdt, None, 1000.0, 1.0056, 23, 1, smm1, 155166953511, True
pax_usdt, None, 8000.0, 1.0056, 23, 1, smm, 155166954227, True
btc_pax, None, 0.8, 3779.28, 23, 1, smm_btc, 155166963727, False
btc_pax, None, 0.637626, 3766.72, 21, 1, smm_btc, 155166963728, False
btc_pax, None, 0.2, 3779.28, 23, 1, smm1_btc, 155166963729, False
pax_usdt, None, 8000.0, 1.0058, 23, 1, smm, 155166963730, False
btc_pax, None, 0.8, 3779.28, 23, 1, smm_btc, 155166963727, True
btc_pax, None, 0.8, 3779.02, 23, 1, smm_btc, 155166964032, False
pax_usdt, None, 8000.0, 1.0058, 23, 1, smm, 155166963730, True
pax_usdt, None, 8000.0, 1.006, 23, 1, smm, 155166964134, False
btc_pax, None, 0.8, 3779.02, 23, 1, smm_btc, 155166964032, True
btc_pax, None, 0.637626, 3766.72, 21, 1, smm_btc, 155166963728, True
btc_pax, None, 0.8, 3778.82, 23, 1, smm_btc, 155166964437, False
btc_pax, None, 0.637626, 3766.72, 21, 1, smm_btc, 155166964438, False
pax_usdt, None, 1000.0, 1.0049, 21, 1, smm1, 155166964539, False
pax_usdt, None, 1000.0, 1.0052, 23, 1, smm1, 155166964540, False
btc_pax, None, 0.8, 3778.82, 23, 1, smm_btc, 155166964437, True
btc_pax, None, 0.708702, 3778.31, 23, 1, smm_btc, 155166964742, False
btc_pax, None, 0.637626, 3766.72, 21, 1, smm_btc, 155166964438, True
btc_pax, None, 0.2, 3779.28, 23, 1, smm1_btc, 155166963729, True
pax_usdt, None, 8000.0, 1.006, 23, 1, smm, 155166964134, True
pax_usdt, None, 8000.0, 1.0052, 23, 1, smm, 155166964846, False
btc_pax, None, 0.708702, 3778.31, 23, 1, smm_btc, 155166964742, True
btc_pax, None, 0.637626, 3765.93, 21, 1, smm_btc, 155166964948, False
btc_pax, None, 0.708702, 3779.81, 23, 1, smm_btc, 155166965149, False
pax_usdt, None, 8000.0, 1.0049, 21, 1, smm, 155166959378, True
btc_pax, None, 0.708702, 3779.81, 23, 1, smm_btc, 155166965149, True
btc_pax, None, 0.637626, 3765.93, 21, 1, smm_btc, 155166964948, True
pax_usdt, None, 8000.0, 1.005, 21, 1, smm, 155166965353, False
btc_pax, None, 0.708702, 3779.67, 23, 1, smm_btc, 155166965454, False
btc_pax, None, 0.637626, 3766.44, 21, 1, smm_btc, 155166965455, False
btc_pax, None, 0.708702, 3779.67, 23, 1, smm_btc, 155166965454, True
btc_pax, None, 0.637626, 3766.44, 21, 1, smm_btc, 155166965455, True
btc_pax, None, 0.708702, 3779.53, 23, 1, smm_btc, 155166965658, False
btc_pax, None, 0.637626, 3765.65, 21, 1, smm_btc, 155166965659, False
btc_pax, None, 0.708702, 3779.53, 23, 1, smm_btc, 155166965658, True
btc_pax, None, 0.708702, 3779.27, 23, 1, smm_btc, 155166965861, False
btc_pax, None, 0.2, 3779.27, 23, 1, smm1_btc, 155166965862, False
btc_pax, None, 0.708702, 3779.27, 23, 1, smm_btc, 155166965861, True
btc_pax, None, 0.708702, 3779.1, 23, 1, smm_btc, 155166966064, False
btc_pax, None, 0.637626, 3765.65, 21, 1, smm_btc, 155166965659, True
btc_pax, None, 0.708702, 3779.1, 23, 1, smm_btc, 155166966064, True
btc_pax, None, 0.637626, 3765.93, 21, 1, smm_btc, 155166966167, False
pax_usdt, None, 8000.0, 1.005, 21, 1, smm, 155166965353, True
pax_usdt, None, 8000.0, 1.0049, 21, 1, smm, 155166966269, False
btc_pax, None, 0.708702, 3778.8, 23, 1, smm_btc, 155166966370, False
btc_pax, None, 0.708702, 3778.8, 23, 1, smm_btc, 155166966370, True
btc_pax, None, 0.708702, 3778.64, 23, 1, smm_btc, 155166966572, False
btc_pax, None, 0.708702, 3778.64, 23, 1, smm_btc, 155166966572, True
btc_pax, None, 0.708702, 3778.6, 23, 1, smm_btc, 155166966774, False
btc_pax, None, 0.708702, 3778.6, 23, 1, smm_btc, 155166966774, True
btc_pax, None, 0.2, 3779.27, 23, 1, smm1_btc, 155166965862, True
btc_pax, None, 0.708702, 3779.26, 23, 1, smm_btc, 155166967077, False
btc_pax, None, 0.637626, 3765.93, 21, 1, smm_btc, 155166966167, True
btc_pax, None, 0.708702, 3779.26, 23, 1, smm_btc, 155166967077, True
btc_pax, None, 0.637626, 3765.65, 21, 1, smm_btc, 155166967180, False
btc_pax, None, 0.708702, 3779.25, 23, 1, smm_btc, 155166967281, False
btc_pax, None, 0.708702, 3779.25, 23, 1, smm_btc, 155166967281, True
pax_usdt, None, 1000.0, 1.0049, 21, 1, smm1, 155166964539, True
btc_pax, None, 0.708702, 3779.24, 23, 1, smm_btc, 155166967784, False
btc_pax, None, 0.637626, 3765.65, 21, 1, smm_btc, 155166967180, True
btc_pax, None, 0.637626, 3777.46, 21, 1, smm_btc, 155166967886, False
btc_pax, None, 0.708702, 3779.24, 23, 1, smm_btc, 155166967784, True
btc_pax, None, 0.637626, 3777.46, 21, 1, smm_btc, 155166967886, True
btc_pax, None, 0.024152, 3790.98, 23, 1, smm_btc, 155166967989, False
btc_pax, None, 0.2, 3779.84, 23, 1, smm1_btc, 155166967990, False
btc_pax, None, 0.637626, 3777.83, 21, 1, smm_btc, 155166968091, False
btc_pax, None, 0.024152, 3790.98, 23, 1, smm_btc, 155166967989, True
pax_usdt, None, 8000.0, 1.0049, 21, 1, smm, 155166966269, True
pax_usdt, None, 8000.0, 1.0052, 23, 1, smm, 155166964846, True
btc_pax, None, 0.637626, 3777.83, 21, 1, smm_btc, 155166968091, True
btc_pax, None, 0.024152, 3794.55, 23, 1, smm_btc, 155166968296, False
pax_usdt, None, 8000.0, 1.005, 21, 1, smm, 155166968297, False
pax_usdt, None, 8000.0, 1.006, 23, 1, smm, 155166968298, False
btc_pax, None, 0.637626, 3778.59, 21, 1, smm_btc, 155166968399, False
pax_usdt, None, 8000.0, 1.006, 23, 1, smm, 155166968298, True
pax_usdt, None, 8000.0, 1.0061, 23, 1, smm, 155166968401, False
pax_usdt, None, 1000.0, 1.0051, 21, 1, smm1, 155166968602, False
btc_pax, None, 0.637626, 3778.59, 21, 1, smm_btc, 155166968399, True
btc_pax, None, 0.637626, 3780.52, 21, 1, smm_btc, 155166968904, False
btc_pax, None, 0.637626, 3780.52, 21, 1, smm_btc, 155166968904, True
btc_pax, None, 0.024152, 3794.55, 23, 1, smm_btc, 155166968296, True
btc_pax, None, 0.637626, 3780.52, 21, 1, smm_btc, 155166969107, False
btc_pax, None, 0.024152, 3794.3, 23, 1, smm_btc, 155166969108, False
btc_pax, None, 0.637626, 3780.52, 21, 1, smm_btc, 155166969107, True
btc_pax, None, 0.024152, 3794.3, 23, 1, smm_btc, 155166969108, True
btc_pax, None, 0.637626, 3779.06, 21, 1, smm_btc, 155166969311, False
btc_pax, None, 0.024152, 3794.29, 23, 1, smm_btc, 155166969312, False
btc_pax, None, 0.637626, 3779.06, 21, 1, smm_btc, 155166969311, True
pax_usdt, None, 8000.0, 1.0061, 23, 1, smm, 155166968401, True
pax_usdt, None, 8000.0, 1.0058, 23, 1, smm, 155166969515, False
btc_pax, None, 0.637626, 3779.82, 21, 1, smm_btc, 155166969616, False
btc_pax, None, 0.024152, 3794.29, 23, 1, smm_btc, 155166969312, True
pax_usdt, None, 1000.0, 1.0052, 23, 1, smm1, 155166969618, False
btc_pax, None, 0.637626, 3779.82, 21, 1, smm_btc, 155166969616, True
btc_pax, None, 0.024152, 3794.29, 23, 1, smm_btc, 155166969720, False
pax_usdt, None, 8000.0, 1.0058, 23, 1, smm, 155166969515, True
btc_pax, None, 0.637626, 3779.84, 21, 1, smm_btc, 155166969822, False
pax_usdt, None, 8000.0, 1.0052, 23, 1, smm, 155166969823, False
btc_pax, None, 0.637626, 3779.84, 21, 1, smm_btc, 155166969822, True
btc_pax, None, 0.2, 3779.84, 21, 1, smm1_btc, 155166970025, False
btc_pax, None, 0.2, 3782.14, 23, 1, smm1_btc, 155166970026, False
btc_pax, None, 0.637626, 3779.87, 21, 1, smm_btc, 155166970127, False
btc_pax, None, 0.024152, 3794.29, 23, 1, smm_btc, 155166969720, True
btc_pax, None, 0.637626, 3779.87, 21, 1, smm_btc, 155166970127, True
btc_pax, None, 0.024152, 3793.36, 23, 1, smm_btc, 155166970230, False
btc_pax, None, 0.637626, 3779.87, 21, 1, smm_btc, 155166970331, False
btc_pax, None, 0.637626, 3779.87, 21, 1, smm_btc, 155166970331, True
btc_pax, None, 0.024152, 3793.36, 23, 1, smm_btc, 155166970230, True
btc_pax, None, 0.637626, 3779.87, 21, 1, smm_btc, 155166970634, False
btc_pax, None, 0.024152, 3793.36, 23, 1, smm_btc, 155166970635, False
btc_pax, None, 0.637626, 3779.87, 21, 1, smm_btc, 155166970634, True
btc_pax, None, 0.637626, 3779.87, 21, 1, smm_btc, 155166970837, False
btc_pax, None, 0.637626, 3779.87, 21, 1, smm_btc, 155166970837, True
btc_pax, None, 0.637626, 3779.91, 21, 1, smm_btc, 155166971239, False
btc_pax, None, 0.2, 3779.84, 21, 1, smm1_btc, 155166970025, True
btc_pax, None, 0.2, 3782.14, 23, 1, smm1_btc, 155166970026, True
btc_pax, None, 0.637626, 3779.91, 21, 1, smm_btc, 155166971239, True
btc_pax, None, 0.024152, 3793.36, 23, 1, smm_btc, 155166970635, True
btc_pax, None, 0.637626, 3779.91, 21, 1, smm_btc, 155166971844, False
btc_pax, None, 0.024152, 3794.3, 23, 1, smm_btc, 155166971845, False
btc_pax, None, 0.024152, 3794.3, 23, 1, smm_btc, 155166971845, True
btc_pax, None, 0.024152, 3794.29, 23, 1, smm_btc, 155166972047, False
btc_pax, None, 0.024152, 3794.29, 23, 1, smm_btc, 155166972047, True
btc_pax, None, 0.2, 3779.91, 21, 1, smm1_btc, 155166972349, False
btc_pax, None, 0.2, 3779.99, 23, 1, smm1_btc, 155166972350, False
btc_pax, None, 0.024152, 3794.29, 23, 1, smm_btc, 155166972451, False
btc_pax, None, 0.024152, 3794.29, 23, 1, smm_btc, 155166972451, True
btc_pax, None, 0.024152, 3793.36, 23, 1, smm_btc, 155166972753, False
btc_pax, None, 0.024152, 3793.36, 23, 1, smm_btc, 155166972753, True
btc_pax, None, 0.024152, 3793.36, 23, 1, smm_btc, 155166973255, False
btc_pax, None, 0.024152, 3793.36, 23, 1, smm_btc, 155166973255, True
btc_pax, None, 0.024152, 3794.29, 23, 1, smm_btc, 155166974357, False
btc_pax, None, 0.024152, 3794.29, 23, 1, smm_btc, 155166974357, True
btc_pax, None, 0.024152, 3793.36, 23, 1, smm_btc, 155166975059, False
btc_pax, None, 0.024152, 3793.36, 23, 1, smm_btc, 155166975059, True
pax_usdt, None, 8000.0, 1.005, 21, 1, smm, 155166968297, True
pax_usdt, None, 8000.0, 1.0049, 21, 1, smm, 155166975262, False
btc_pax, None, 0.024152, 3794.29, 23, 1, smm_btc, 155166975363, False
btc_pax, None, 0.024152, 3794.29, 23, 1, smm_btc, 155166975363, True
btc_pax, None, 0.024152, 3793.36, 23, 1, smm_btc, 155166975765, False
btc_pax, None, 0.024152, 3793.36, 23, 1, smm_btc, 155166975765, True
btc_pax, None, 0.024152, 3794.3, 23, 1, smm_btc, 155166976167, False
btc_pax, None, 0.024152, 3794.3, 23, 1, smm_btc, 155166976167, True
btc_pax, None, 0.024152, 3779.98, 23, 1, smm_btc, 155166976469, False
btc_pax, None, 0.8, 3766.8, 21, 1, smm_btc, 155166976470, False
btc_pax, None, 0.8, 3766.8, 21, 1, smm_btc, 155166976470, True
btc_pax, None, 0.2, 3779.91, 21, 1, smm1_btc, 155166972349, True
btc_pax, None, 0.2, 3779.99, 23, 1, smm1_btc, 155166972350, True
btc_pax, None, 0.8, 3767.06, 21, 1, smm_btc, 155166976874, False
btc_pax, None, 0.8, 3779.99, 23, 1, smm_btc, 155166977075, False
btc_pax, None, 0.8, 3767.06, 21, 1, smm_btc, 155166976874, True
pax_usdt, None, 1000.0, 1.0048, 21, 1, smm1, 155166977077, False
btc_pax, None, 0.8, 3767.19, 21, 1, smm_btc, 155166977178, False
btc_pax, None, 0.8, 3767.19, 21, 1, smm_btc, 155166977178, True
btc_pax, None, 0.8, 3767.06, 21, 1, smm_btc, 155166977680, False
btc_pax, None, 0.045599, 3778.84, 21, 1, smm1_btc, 155166977681, False
btc_pax, None, 0.2, 3779.98, 23, 1, smm1_btc, 155166977682, False
btc_pax, None, 0.8, 3779.99, 23, 1, smm_btc, 155166977075, True
btc_pax, None, 0.775656, 3779.97, 23, 1, smm_btc, 155166978184, False
btc_pax, None, 0.8, 3767.06, 21, 1, smm_btc, 155166977680, True
btc_pax, None, 0.8, 3767.06, 21, 1, smm_btc, 155166978386, False
btc_pax, None, 0.8, 3767.06, 21, 1, smm_btc, 155166978386, True
btc_pax, None, 0.045599, 3778.84, 21, 1, smm1_btc, 155166977681, True
btc_pax, None, 0.2, 3779.98, 23, 1, smm1_btc, 155166977682, True
btc_pax, None, 0.8, 3767.19, 21, 1, smm_btc, 155166978890, False
btc_pax, None, 0.8, 3767.19, 21, 1, smm_btc, 155166978890, True
btc_pax, None, 0.8, 3767.06, 21, 1, smm_btc, 155166979492, False
btc_pax, None, 0.8, 3767.06, 21, 1, smm_btc, 155166979492, True
btc_pax, None, 0.2, 3779.96, 23, 1, smm1_btc, 155166979794, False
btc_pax, None, 0.775656, 3779.97, 23, 1, smm_btc, 155166978184, True
btc_pax, None, 0.8, 3765.93, 21, 1, smm_btc, 155166979996, False
btc_pax, None, 0.775656, 3779.95, 23, 1, smm_btc, 155166980097, False
btc_pax, None, 0.8, 3765.93, 21, 1, smm_btc, 155166979996, True
btc_pax, None, 0.8, 3766.8, 21, 1, smm_btc, 155166980199, False
pax_usdt, None, 8000.0, 1.0052, 23, 1, smm, 155166969823, True
pax_usdt, None, 5225.1, 1.006, 23, 1, smm, 155166980201, False
pax_usdt, None, 5225.1, 1.006, 23, 1, smm, 155166980201, True
pax_usdt, None, 5225.1, 1.0061, 23, 1, smm, 155166980503, False
btc_pax, None, 0.8, 3766.8, 21, 1, smm_btc, 155166980199, True
btc_pax, None, 0.8, 3780.8, 21, 1, smm_btc, 155166980705, False
btc_pax, None, 0.8, 3797.03, 23, 1, smm_btc, 155166980706, False
btc_pax, None, 0.045599, 3780.79, 21, 1, smm1_btc, 155166980707, False
pax_usdt, None, 8000.0, 1.0049, 21, 1, smm, 155166975262, True
pax_usdt, None, 8000.0, 1.0048, 21, 1, smm, 155166980809, False
btc_pax, None, 0.8, 3797.03, 23, 1, smm_btc, 155166980706, True
btc_pax, None, 0.8, 3795.82, 23, 1, smm_btc, 155166981111, False
btc_pax, None, 0.8, 3780.8, 21, 1, smm_btc, 155166980705, True
btc_pax, None, 0.8, 3795.82, 23, 1, smm_btc, 155166981111, True
pax_usdt, None, 1000.0, 1.0048, 21, 1, smm1, 155166977077, True
pax_usdt, None, 1000.0, 1.0054, 23, 1, smm1, 155166981315, False
pax_usdt, None, 5225.1, 1.0061, 23, 1, smm, 155166980503, True
btc_pax, None, 0.667752, 3781.63, 21, 1, smm_btc, 155166981517, False
btc_pax, None, 0.8, 3797.03, 23, 1, smm_btc, 155166981518, False
pax_usdt, None, 5225.1, 1.0054, 23, 1, smm, 155166981519, False
btc_pax, None, 0.045599, 3780.79, 21, 1, smm1_btc, 155166980707, True
btc_pax, None, 0.2, 3782.82, 23, 1, smm1_btc, 155166981821, False
btc_pax, None, 0.8, 3797.03, 23, 1, smm_btc, 155166981518, True
btc_pax, None, 0.8, 3797.03, 23, 1, smm_btc, 155166982023, False
pax_usdt, None, 8000.0, 1.0048, 21, 1, smm, 155166980809, True
pax_usdt, None, 5225.1, 1.0054, 23, 1, smm, 155166981519, True
btc_pax, None, 0.8, 3797.03, 23, 1, smm_btc, 155166982023, True
pax_usdt, None, 8000.0, 1.005, 21, 1, smm, 155166982327, False
pax_usdt, None, 4860.54, 1.0061, 23, 1, smm, 155166982328, False
btc_pax, None, 0.8, 3795.82, 23, 1, smm_btc, 155166982329, False
pax_usdt, None, 1000.0, 1.0054, 21, 1, smm1, 155166982430, False
pax_usdt, None, 4860.54, 1.0061, 23, 1, smm, 155166982328, True
btc_pax, None, 0.667752, 3781.63, 21, 1, smm_btc, 155166981517, True
pax_usdt, None, 4860.54, 1.0058, 23, 1, smm, 155166982633, False
btc_pax, None, 0.294915, 3782.11, 21, 1, smm_btc, 155166982734, False
btc_pax, None, 0.8, 3795.82, 23, 1, smm_btc, 155166982329, True
btc_pax, None, 0.045599, 3782.83, 21, 1, smm1_btc, 155166982836, False
btc_pax, None, 0.294915, 3782.11, 21, 1, smm_btc, 155166982734, True
btc_pax, None, 0.8, 3799.95, 23, 1, smm_btc, 155166982938, False
btc_pax, None, 0.267515, 3783.03, 21, 1, smm_btc, 155166983439, False
btc_pax, None, 0.8, 3799.95, 23, 1, smm_btc, 155166982938, True
btc_pax, None, 0.267515, 3783.03, 21, 1, smm_btc, 155166983439, True
btc_pax, None, 0.8, 3799.13, 23, 1, smm_btc, 155166983542, False
pax_usdt, None, 1000.0, 1.0055, 23, 1, smm1, 155166983643, False
btc_pax, None, 0.267515, 3783.03, 21, 1, smm_btc, 155166983644, False
btc_pax, None, 0.8, 3799.13, 23, 1, smm_btc, 155166983542, True
pax_usdt, None, 4860.54, 1.0058, 23, 1, smm, 155166982633, True
btc_pax, None, 0.267515, 3783.03, 21, 1, smm_btc, 155166983644, True
btc_pax, None, 0.8, 3796.61, 23, 1, smm_btc, 155166983848, False
btc_pax, None, 0.045599, 3782.83, 21, 1, smm1_btc, 155166982836, True
btc_pax, None, 0.2, 3784.63, 23, 1, smm1_btc, 155166983850, False
pax_usdt, None, 4860.54, 1.0055, 23, 1, smm, 155166983951, False
btc_pax, None, 0.267515, 3783.03, 21, 1, smm_btc, 155166983952, False
btc_pax, None, 0.8, 3796.61, 23, 1, smm_btc, 155166983848, True
pax_usdt, None, 8000.0, 1.005, 21, 1, smm, 155166982327, True
btc_pax, None, 0.267515, 3783.03, 21, 1, smm_btc, 155166983952, True
btc_pax, None, 0.8, 3799.13, 23, 1, smm_btc, 155166984156, False
pax_usdt, None, 8000.0, 1.0051, 21, 1, smm, 155166984257, False
btc_pax, None, 0.267515, 3783.03, 21, 1, smm_btc, 155166984258, False
